Enemy_AssaultCube,Killed,Enemy_OW,20240413_100658
Enemy_AssaultCube,Killed,Enemy_CS,20240413_100720
Enemy_Xonotic,Killed,Enemy_AssaultCube,20240413_100728
Enemy_OW,Killed,Enemy_Xonotic,20240413_100734
Enemy_CS,Killed,Enemy_OW,20240413_100749
Enemy_AssaultCube,Killed,Enemy_CS,20240413_100754
Enemy_Xonotic,Killed,Enemy_AssaultCube,20240413_100806
Enemy_OW,Killed,Enemy_Xonotic,20240413_100821
Enemy_CS,Killed,Enemy_OW,20240413_100826
Enemy_AssaultCube,Killed,Enemy_CS,20240413_100830
Enemy_AssaultCube,Killed,Enemy_Xonotic,20240413_100852
Enemy_OW,Killed,Enemy_CS,20240413_100859
Enemy_AssaultCube,Killed,Enemy_OW,20240413_100910
Enemy_Xonotic,Killed,Enemy_AssaultCube,20240413_100922
Enemy_CS,Killed,Enemy_Xonotic,20240413_100929
Enemy_OW,Killed,Enemy_CS,20240413_100935
Enemy_OW,Killed,Enemy_CS,20240413_101000
Enemy_OW,Killed,Enemy_AssaultCube,20240413_101006
Enemy_Xonotic,Killed,Enemy_CS,20240413_101030
Enemy_Xonotic,Killed,Enemy_AssaultCube,20240413_101031
Enemy_OW,Killed,Enemy_Xonotic,20240413_101047
Enemy_CS,Killed,Enemy_AssaultCube,20240413_101055
Enemy_Xonotic,Killed,Enemy_OW,20240413_101108
Enemy_Xonotic,Killed,Enemy_CS,20240413_101112
Enemy_AssaultCube,Killed,Enemy_Xonotic,20240413_101124
Enemy_CS,Killed,Enemy_AssaultCube,20240413_101135
Enemy_OW,Killed,Enemy_CS,20240413_101143
Enemy_Xonotic,Killed,Enemy_OW,20240413_101149
Enemy_AssaultCube,Killed,Enemy_Xonotic,20240413_101203
Enemy_CS,Killed,Enemy_AssaultCube,20240413_101208
Enemy_OW,Killed,Enemy_CS,20240413_101217
Enemy_Xonotic,Killed,Enemy_OW,20240413_101247
Enemy_AssaultCube,Killed,Enemy_Xonotic,20240413_101247
Enemy_CS,Killed,Enemy_AssaultCube,20240413_101251
Enemy_OW,Killed,Enemy_CS,20240413_101314
Enemy_Xonotic,Killed,Enemy_OW,20240413_101317
Enemy_AssaultCube,Killed,Enemy_Xonotic,20240413_101325
Enemy_AssaultCube,Killed,Enemy_OW,20240413_101341
Enemy_AssaultCube,Killed,Enemy_CS,20240413_101349
Enemy_OW,Killed,Enemy_AssaultCube,20240413_101407
Enemy_Xonotic,Killed,Enemy_OW,20240413_101415
Enemy_AssaultCube,Killed,Enemy_CS,20240413_101429
Enemy_OW,Killed,Enemy_Xonotic,20240413_101439
Enemy_AssaultCube,Killed,Enemy_OW,20240413_101451
Enemy_CS,Killed,Enemy_AssaultCube,20240413_101455
Enemy_OW,Killed,Enemy_CS,20240413_101516
Enemy_AssaultCube,Killed,Enemy_OW,20240413_101525
Enemy_Xonotic,Killed,Enemy_AssaultCube,20240413_101534
Enemy_OW,Killed,Enemy_Xonotic,20240413_101547
Enemy_CS,Killed,Enemy_OW,20240413_101551
Enemy_AssaultCube,Killed,Enemy_CS,20240413_101600
Enemy_AssaultCube,Killed,Enemy_Xonotic,20240413_101624
Enemy_CS,Killed,Enemy_AssaultCube,20240413_101637
Enemy_Xonotic,Killed,Enemy_CS,20240413_101649
Enemy_AssaultCube,Killed,Enemy_OW,20240413_101657
Enemy_CS,Killed,Enemy_Xonotic,20240413_101715
Enemy_OW,Killed,Enemy_AssaultCube,20240413_101719
Enemy_OW,Killed,Enemy_CS,20240413_101728
Enemy_Xonotic,Killed,Enemy_OW,20240413_101739
Enemy_CS,Killed,Enemy_Xonotic,20240413_101756
Enemy_AssaultCube,Killed,Enemy_CS,20240413_101802
Enemy_OW,Killed,Enemy_AssaultCube,20240413_101805
Enemy_Xonotic,Killed,Enemy_OW,20240413_101821
Enemy_CS,Killed,Enemy_Xonotic,20240413_101840
Enemy_CS,Killed,Enemy_AssaultCube,20240413_101842
Enemy_OW,Killed,Enemy_CS,20240413_101845
Enemy_Xonotic,Killed,Enemy_OW,20240413_101905
Enemy_AssaultCube,Killed,Enemy_CS,20240413_101909
Enemy_Xonotic,Killed,Enemy_AssaultCube,20240413_101917
Enemy_CS,Killed,Enemy_Xonotic,20240413_101954
Enemy_OW,Killed,Enemy_AssaultCube,20240413_101959
Enemy_AssaultCube,Killed,Enemy_OW,20240413_102013
Enemy_Xonotic,Killed,Enemy_CS,20240413_102020
Enemy_Xonotic,Killed,Enemy_AssaultCube,20240413_102038
Enemy_CS,Killed,Enemy_OW,20240413_102047
Enemy_Xonotic,Killed,Enemy_CS,20240413_102048
Enemy_AssaultCube,Killed,Enemy_Xonotic,20240413_102111
Enemy_AssaultCube,Killed,Enemy_OW,20240413_102125
Enemy_AssaultCube,Killed,Enemy_CS,20240413_102158
Enemy_OW,Killed,Enemy_AssaultCube,20240413_102200
Enemy_Xonotic,Killed,Enemy_OW,20240413_102203
Enemy_CS,Killed,Enemy_Xonotic,20240413_102224
Enemy_OW,Killed,Enemy_CS,20240413_102233
Enemy_AssaultCube,Killed,Enemy_OW,20240413_102238
Enemy_Xonotic,Killed,Enemy_AssaultCube,20240413_102249
Enemy_CS,Killed,Enemy_Xonotic,20240413_102303
Enemy_OW,Killed,Enemy_CS,20240413_102310
Enemy_AssaultCube,Killed,Enemy_OW,20240413_102313
Enemy_AssaultCube,Killed,Enemy_Xonotic,20240413_102337
Enemy_CS,Killed,Enemy_OW,20240413_102344
Enemy_AssaultCube,Killed,Enemy_CS,20240413_102357
Enemy_OW,Killed,Enemy_AssaultCube,20240413_102410
Enemy_Xonotic,Killed,Enemy_OW,20240413_102424
Enemy_CS,Killed,Enemy_Xonotic,20240413_102441
Enemy_OW,Killed,Enemy_AssaultCube,20240413_102447
Enemy_CS,Killed,Enemy_OW,20240413_102459
Enemy_Xonotic,Killed,Enemy_CS,20240413_102507
Enemy_AssaultCube,Killed,Enemy_Xonotic,20240413_102518
Enemy_OW,Killed,Enemy_AssaultCube,20240413_102528
Enemy_CS,Killed,Enemy_OW,20240413_102535
Enemy_AssaultCube,Killed,Enemy_CS,20240413_102557
Enemy_OW,Killed,Enemy_AssaultCube,20240413_102606
Enemy_Xonotic,Killed,Enemy_OW,20240413_102617
Enemy_CS,Killed,Enemy_Xonotic,20240413_102620
Enemy_AssaultCube,Killed,Enemy_CS,20240413_102631
Enemy_OW,Killed,Enemy_AssaultCube,20240413_102647
Enemy_Xonotic,Killed,Enemy_OW,20240413_102651
Enemy_CS,Killed,Enemy_Xonotic,20240413_102659
Enemy_AssaultCube,Killed,Enemy_CS,20240413_102709
Enemy_OW,Killed,Enemy_CS,20240413_102728
Enemy_OW,Killed,Enemy_AssaultCube,20240413_102733
Enemy_OW,Killed,Enemy_Xonotic,20240413_102733
Enemy_CS,Killed,Enemy_OW,20240413_102754
Enemy_AssaultCube,Killed,Enemy_CS,20240413_102757
Enemy_CS,Killed,Enemy_Xonotic,20240413_102823
Enemy_CS,Killed,Enemy_AssaultCube,20240413_102832
Enemy_OW,Killed,Enemy_CS,20240413_102832
Enemy_CS,Killed,Enemy_OW,20240413_102856
Enemy_Xonotic,Killed,Enemy_AssaultCube,20240413_102915
Enemy_OW,Killed,Enemy_CS,20240413_102916
Enemy_Xonotic,Killed,Enemy_OW,20240413_102938
Enemy_AssaultCube,Killed,Enemy_CS,20240413_102941
Enemy_Xonotic,Killed,Enemy_AssaultCube,20240413_102946
Enemy_OW,Killed,Enemy_AssaultCube,20240413_103012
Enemy_OW,Killed,Enemy_CS,20240413_103014
Enemy_AssaultCube,Killed,Enemy_OW,20240413_103034
Enemy_Xonotic,Killed,Enemy_AssaultCube,20240413_103041
Enemy_CS,Killed,Enemy_Xonotic,20240413_103058
Enemy_AssaultCube,Killed,Enemy_CS,20240413_103103
Enemy_AssaultCube,Killed,Enemy_OW,20240413_103121
Enemy_Xonotic,Killed,Enemy_AssaultCube,20240413_103122
Enemy_CS,Killed,Enemy_Xonotic,20240413_103147
Enemy_OW,Killed,Enemy_CS,20240413_103201
Enemy_AssaultCube,Killed,Enemy_OW,20240413_103202
Enemy_CS,Killed,Enemy_Xonotic,20240413_103221
Enemy_CS,Killed,Enemy_AssaultCube,20240413_103226
Enemy_OW,Killed,Enemy_CS,20240413_103242
Enemy_AssaultCube,Killed,Enemy_OW,20240413_103246
Enemy_CS,Killed,Enemy_AssaultCube,20240413_103304
Enemy_OW,Killed,Enemy_Xonotic,20240413_103313
Enemy_OW,Killed,Enemy_CS,20240413_103329
Enemy_AssaultCube,Killed,Enemy_Xonotic,20240413_103352
Enemy_AssaultCube,Killed,Enemy_OW,20240413_103352
Enemy_CS,Killed,Enemy_AssaultCube,20240413_103402
Enemy_OW,Killed,Enemy_CS,20240413_103417
Enemy_OW,Killed,Enemy_Xonotic,20240413_103429
Enemy_AssaultCube,Killed,Enemy_OW,20240413_103429
Enemy_CS,Killed,Enemy_AssaultCube,20240413_103442
Enemy_Xonotic,Killed,Enemy_OW,20240413_103455
Enemy_AssaultCube,Killed,Enemy_OW,20240413_103526
Enemy_CS,Killed,Enemy_AssaultCube,20240413_103528
Enemy_Xonotic,Killed,Enemy_CS,20240413_103531
Enemy_OW,Killed,Enemy_Xonotic,20240413_103549
Enemy_AssaultCube,Killed,Enemy_OW,20240413_103558
Enemy_AssaultCube,Killed,Enemy_CS,20240413_103600
Enemy_Xonotic,Killed,Enemy_AssaultCube,20240413_103618
Enemy_OW,Killed,Enemy_Xonotic,20240413_103621
Enemy_OW,Killed,Enemy_CS,20240413_103635
Enemy_AssaultCube,Killed,Enemy_OW,20240413_103641
Enemy_AssaultCube,Killed,Enemy_Xonotic,20240413_103700
Enemy_OW,Killed,Enemy_AssaultCube,20240413_103704
Enemy_OW,Killed,Enemy_CS,20240413_103715
Enemy_Xonotic,Killed,Enemy_OW,20240413_103724
Enemy_OW,Killed,Enemy_AssaultCube,20240413_103749
Enemy_Xonotic,Killed,Enemy_OW,20240413_103758
Enemy_CS,Killed,Enemy_Xonotic,20240413_103804
Enemy_AssaultCube,Killed,Enemy_CS,20240413_103812
Enemy_OW,Killed,Enemy_AssaultCube,20240413_103842
Enemy_OW,Killed,Enemy_CS,20240413_103906
Enemy_AssaultCube,Killed,Enemy_OW,20240413_103911
Enemy_AssaultCube,Killed,Enemy_Xonotic,20240413_103925
Enemy_CS,Killed,Enemy_AssaultCube,20240413_103939
Enemy_OW,Killed,Enemy_CS,20240413_103940
Enemy_AssaultCube,Killed,Enemy_CS,20240413_104005
Enemy_OW,Killed,Enemy_Xonotic,20240413_104008
Enemy_Xonotic,Killed,Enemy_OW,20240413_104023
Enemy_CS,Killed,Enemy_AssaultCube,20240413_104031
Enemy_Xonotic,Killed,Enemy_CS,20240413_104041
Enemy_Xonotic,Killed,Enemy_OW,20240413_104048
Enemy_CS,Killed,Enemy_Xonotic,20240413_104105
Enemy_AssaultCube,Killed,Enemy_CS,20240413_104114
Enemy_OW,Killed,Enemy_AssaultCube,20240413_104119
Enemy_Xonotic,Killed,Enemy_OW,20240413_104129
Enemy_CS,Killed,Enemy_Xonotic,20240413_104145
Enemy_OW,Killed,Enemy_CS,20240413_104154
Enemy_OW,Killed,Enemy_AssaultCube,20240413_104210
Enemy_Xonotic,Killed,Enemy_OW,20240413_104215
Enemy_CS,Killed,Enemy_Xonotic,20240413_104224
Enemy_AssaultCube,Killed,Enemy_CS,20240413_104231
Enemy_OW,Killed,Enemy_CS,20240413_104251
Enemy_Xonotic,Killed,Enemy_OW,20240413_104302
Enemy_AssaultCube,Killed,Enemy_Xonotic,20240413_104317
Enemy_CS,Killed,Enemy_AssaultCube,20240413_104324
Enemy_OW,Killed,Enemy_CS,20240413_104328
Enemy_AssaultCube,Killed,Enemy_CS,20240413_104353
Enemy_Xonotic,Killed,Enemy_OW,20240413_104356
Enemy_Xonotic,Killed,Enemy_AssaultCube,20240413_104409
Enemy_CS,Killed,Enemy_OW,20240413_104427
Enemy_Xonotic,Killed,Enemy_CS,20240413_104431
Enemy_AssaultCube,Killed,Enemy_Xonotic,20240413_104437
Enemy_OW,Killed,Enemy_AssaultCube,20240413_104449
Enemy_CS,Killed,Enemy_OW,20240413_104506
Enemy_AssaultCube,Killed,Enemy_CS,20240413_104513
Enemy_OW,Killed,Enemy_Xonotic,20240413_104531
Enemy_CS,Killed,Enemy_OW,20240413_104541
Enemy_OW,Killed,Enemy_CS,20240413_104611
Enemy_OW,Killed,Enemy_AssaultCube,20240413_104612
Enemy_Xonotic,Killed,Enemy_CS,20240413_104644
Enemy_Xonotic,Killed,Enemy_AssaultCube,20240413_104652
Enemy_OW,Killed,Enemy_Xonotic,20240413_104653
Enemy_CS,Killed,Enemy_OW,20240413_104710
Enemy_AssaultCube,Killed,Enemy_CS,20240413_104720
Enemy_Xonotic,Killed,Enemy_AssaultCube,20240413_104728
Enemy_OW,Killed,Enemy_Xonotic,20240413_104743
Enemy_CS,Killed,Enemy_OW,20240413_104746
Enemy_AssaultCube,Killed,Enemy_CS,20240413_104759
Enemy_Xonotic,Killed,Enemy_AssaultCube,20240413_104815
Enemy_Xonotic,Killed,Enemy_OW,20240413_104821
Enemy_CS,Killed,Enemy_Xonotic,20240413_104824
Enemy_OW,Killed,Enemy_Xonotic,20240413_104848
Enemy_AssaultCube,Killed,Enemy_CS,20240413_104854
Enemy_OW,Killed,Enemy_AssaultCube,20240413_104855
Enemy_Xonotic,Killed,Enemy_OW,20240413_104912
Enemy_Xonotic,Killed,Enemy_CS,20240413_104925
Enemy_OW,Killed,Enemy_Xonotic,20240413_104944
Enemy_CS,Killed,Enemy_OW,20240413_104947
Enemy_OW,Killed,Enemy_AssaultCube,20240413_105005
Enemy_OW,Killed,Enemy_CS,20240413_105008
Enemy_Xonotic,Killed,Enemy_OW,20240413_105031
Enemy_Xonotic,Killed,Enemy_CS,20240413_105040
Enemy_AssaultCube,Killed,Enemy_Xonotic,20240413_105050
Enemy_CS,Killed,Enemy_AssaultCube,20240413_105103
Enemy_CS,Killed,Enemy_OW,20240413_105115
Enemy_AssaultCube,Killed,Enemy_CS,20240413_105129
Enemy_OW,Killed,Enemy_Xonotic,20240413_105146
Enemy_AssaultCube,Killed,Enemy_OW,20240413_105147
Enemy_CS,Killed,Enemy_AssaultCube,20240413_105204
Enemy_OW,Killed,Enemy_CS,20240413_105210
Enemy_Xonotic,Killed,Enemy_OW,20240413_105222
Enemy_AssaultCube,Killed,Enemy_Xonotic,20240413_105228
Enemy_CS,Killed,Enemy_OW,20240413_105244
Enemy_AssaultCube,Killed,Enemy_CS,20240413_105253
Enemy_Xonotic,Killed,Enemy_AssaultCube,20240413_105259
Enemy_OW,Killed,Enemy_Xonotic,20240413_105315
Enemy_AssaultCube,Killed,Enemy_OW,20240413_105324
Enemy_CS,Killed,Enemy_AssaultCube,20240413_105340
Enemy_Xonotic,Killed,Enemy_CS,20240413_105341
Enemy_OW,Killed,Enemy_Xonotic,20240413_105356
Enemy_AssaultCube,Killed,Enemy_OW,20240413_105413
Enemy_CS,Killed,Enemy_AssaultCube,20240413_105417
Enemy_Xonotic,Killed,Enemy_CS,20240413_105420
Enemy_OW,Killed,Enemy_Xonotic,20240413_105436
Enemy_CS,Killed,Enemy_OW,20240413_105453
Enemy_AssaultCube,Killed,Enemy_CS,20240413_105457
Enemy_Xonotic,Killed,Enemy_AssaultCube,20240413_105505
Enemy_CS,Killed,Enemy_Xonotic,20240413_105517
Enemy_CS,Killed,Enemy_OW,20240413_105530
Enemy_AssaultCube,Killed,Enemy_CS,20240413_105554
Enemy_AssaultCube,Killed,Enemy_OW,20240413_105604
Enemy_Xonotic,Killed,Enemy_AssaultCube,20240413_105618
Enemy_OW,Killed,Enemy_Xonotic,20240413_105632
Enemy_OW,Killed,Enemy_CS,20240413_105645
Enemy_AssaultCube,Killed,Enemy_OW,20240413_105656
Enemy_Xonotic,Killed,Enemy_AssaultCube,20240413_105703
Enemy_CS,Killed,Enemy_Xonotic,20240413_105721
Enemy_AssaultCube,Killed,Enemy_CS,20240413_105730
Enemy_Xonotic,Killed,Enemy_AssaultCube,20240413_105748
Enemy_OW,Killed,Enemy_CS,20240413_105757
Enemy_CS,Killed,Enemy_OW,20240413_105808
Enemy_AssaultCube,Killed,Enemy_Xonotic,20240413_105813
Enemy_OW,Killed,Enemy_CS,20240413_105833
Enemy_OW,Killed,Enemy_AssaultCube,20240413_105840
Enemy_Xonotic,Killed,Enemy_OW,20240413_105855
Enemy_CS,Killed,Enemy_Xonotic,20240413_105904
Enemy_AssaultCube,Killed,Enemy_CS,20240413_105908
Enemy_OW,Killed,Enemy_AssaultCube,20240413_105921
Enemy_OW,Killed,Enemy_Xonotic,20240413_105941
Enemy_AssaultCube,Killed,Enemy_OW,20240413_105946
Enemy_AssaultCube,Killed,Enemy_CS,20240413_105948
Enemy_Xonotic,Killed,Enemy_AssaultCube,20240413_110005
Enemy_OW,Killed,Enemy_Xonotic,20240413_110039
Enemy_CS,Killed,Enemy_OW,20240413_110039
Enemy_AssaultCube,Killed,Enemy_CS,20240413_110056
Enemy_CS,Killed,Enemy_OW,20240413_110123
Enemy_Xonotic,Killed,Enemy_CS,20240413_110144
Enemy_Xonotic,Killed,Enemy_AssaultCube,20240413_110148
Enemy_OW,Killed,Enemy_Xonotic,20240413_110200
Enemy_AssaultCube,Killed,Enemy_OW,20240413_110210
Enemy_CS,Killed,Enemy_AssaultCube,20240413_110235
Enemy_OW,Killed,Enemy_CS,20240413_110243
Enemy_Xonotic,Killed,Enemy_OW,20240413_110302
Enemy_CS,Killed,Enemy_AssaultCube,20240413_110312
Enemy_Xonotic,Killed,Enemy_CS,20240413_110332
Enemy_OW,Killed,Enemy_AssaultCube,20240413_110337
Enemy_CS,Killed,Enemy_Xonotic,20240413_110356
Enemy_OW,Killed,Enemy_CS,20240413_110404
Enemy_AssaultCube,Killed,Enemy_OW,20240413_110411
Enemy_Xonotic,Killed,Enemy_AssaultCube,20240413_110431
Enemy_CS,Killed,Enemy_OW,20240413_110440
Enemy_Xonotic,Killed,Enemy_CS,20240413_110448
Enemy_AssaultCube,Killed,Enemy_Xonotic,20240413_110457
Enemy_OW,Killed,Enemy_AssaultCube,20240413_110510
Enemy_CS,Killed,Enemy_OW,20240413_110522
Enemy_AssaultCube,Killed,Enemy_CS,20240413_110534
Enemy_OW,Killed,Enemy_Xonotic,20240413_110554
Enemy_CS,Killed,Enemy_AssaultCube,20240413_110557
Enemy_AssaultCube,Killed,Enemy_OW,20240413_110621
Enemy_AssaultCube,Killed,Enemy_CS,20240413_110635
Enemy_Xonotic,Killed,Enemy_AssaultCube,20240413_110640
Enemy_OW,Killed,Enemy_Xonotic,20240413_110645
Enemy_CS,Killed,Enemy_OW,20240413_110656
Enemy_Xonotic,Killed,Enemy_CS,20240413_110719
Enemy_Xonotic,Killed,Enemy_OW,20240413_110720
Enemy_AssaultCube,Killed,Enemy_Xonotic,20240413_110727
Enemy_CS,Killed,Enemy_AssaultCube,20240413_110743
Enemy_OW,Killed,Enemy_Xonotic,20240413_110759
Enemy_OW,Killed,Enemy_CS,20240413_110810
Enemy_Xonotic,Killed,Enemy_AssaultCube,20240413_110827
Enemy_Xonotic,Killed,Enemy_CS,20240413_110835
Enemy_Xonotic,Killed,Enemy_OW,20240413_110837
Enemy_AssaultCube,Killed,Enemy_Xonotic,20240413_110901
Enemy_CS,Killed,Enemy_AssaultCube,20240413_110904
Enemy_OW,Killed,Enemy_CS,20240413_110907
Enemy_CS,Killed,Enemy_AssaultCube,20240413_110931
Enemy_CS,Killed,Enemy_OW,20240413_110932
Enemy_Xonotic,Killed,Enemy_CS,20240413_110942
Enemy_AssaultCube,Killed,Enemy_Xonotic,20240413_110955
Enemy_OW,Killed,Enemy_CS,20240413_111007
Enemy_AssaultCube,Killed,Enemy_OW,20240413_111017
Enemy_Xonotic,Killed,Enemy_AssaultCube,20240413_111026
Enemy_CS,Killed,Enemy_Xonotic,20240413_111039
Enemy_CS,Killed,Enemy_OW,20240413_111047
Enemy_AssaultCube,Killed,Enemy_CS,20240413_111048
Enemy_AssaultCube,Killed,Enemy_Xonotic,20240413_111112
Enemy_CS,Killed,Enemy_OW,20240413_111118
Enemy_AssaultCube,Killed,Enemy_CS,20240413_111131
Enemy_Xonotic,Killed,Enemy_AssaultCube,20240413_111137
Enemy_CS,Killed,Enemy_OW,20240413_111156
Enemy_Xonotic,Killed,Enemy_CS,20240413_111206
Enemy_AssaultCube,Killed,Enemy_Xonotic,20240413_111206
Enemy_OW,Killed,Enemy_AssaultCube,20240413_111218
Enemy_CS,Killed,Enemy_OW,20240413_111237
Enemy_AssaultCube,Killed,Enemy_CS,20240413_111256
Enemy_Xonotic,Killed,Enemy_OW,20240413_111301
Enemy_AssaultCube,Killed,Enemy_Xonotic,20240413_111303
Enemy_CS,Killed,Enemy_AssaultCube,20240413_111323
Enemy_Xonotic,Killed,Enemy_CS,20240413_111330
Enemy_OW,Killed,Enemy_Xonotic,20240413_111332
Enemy_AssaultCube,Killed,Enemy_OW,20240413_111349
Enemy_CS,Killed,Enemy_AssaultCube,20240413_111400
Enemy_Xonotic,Killed,Enemy_CS,20240413_111404
Enemy_AssaultCube,Killed,Enemy_Xonotic,20240413_111423
Enemy_CS,Killed,Enemy_OW,20240413_111427
Enemy_AssaultCube,Killed,Enemy_CS,20240413_111442
Enemy_OW,Killed,Enemy_AssaultCube,20240413_111455
Enemy_Xonotic,Killed,Enemy_OW,20240413_111459
Enemy_CS,Killed,Enemy_Xonotic,20240413_111510
Enemy_OW,Killed,Enemy_CS,20240413_111520
Enemy_CS,Killed,Enemy_OW,20240413_111544
Enemy_Xonotic,Killed,Enemy_CS,20240413_111554
Enemy_AssaultCube,Killed,Enemy_OW,20240413_111615
Enemy_CS,Killed,Enemy_AssaultCube,20240413_111621
Enemy_Xonotic,Killed,Enemy_CS,20240413_111628
Enemy_OW,Killed,Enemy_Xonotic,20240413_111644
Enemy_AssaultCube,Killed,Enemy_OW,20240413_111650
Enemy_OW,Killed,Enemy_CS,20240413_111713
Enemy_AssaultCube,Killed,Enemy_OW,20240413_111728
Enemy_CS,Killed,Enemy_AssaultCube,20240413_111739
Enemy_OW,Killed,Enemy_CS,20240413_111752
Enemy_Xonotic,Killed,Enemy_OW,20240413_111807
Enemy_CS,Killed,Enemy_AssaultCube,20240413_111825
Enemy_CS,Killed,Enemy_Xonotic,20240413_111827
Enemy_OW,Killed,Enemy_CS,20240413_111840
Enemy_AssaultCube,Killed,Enemy_OW,20240413_111849
Enemy_AssaultCube,Killed,Enemy_CS,20240413_111912
Enemy_AssaultCube,Killed,Enemy_Xonotic,20240413_111917
Enemy_OW,Killed,Enemy_AssaultCube,20240413_111921
Enemy_AssaultCube,Killed,Enemy_OW,20240413_111938
Enemy_Xonotic,Killed,Enemy_CS,20240413_111948
Enemy_AssaultCube,Killed,Enemy_Xonotic,20240413_112000
Enemy_CS,Killed,Enemy_AssaultCube,20240413_112012
Enemy_OW,Killed,Enemy_CS,20240413_112014
Enemy_OW,Killed,Enemy_Xonotic,20240413_112035
Enemy_CS,Killed,Enemy_AssaultCube,20240413_112044
Enemy_OW,Killed,Enemy_CS,20240413_112045
Enemy_Xonotic,Killed,Enemy_OW,20240413_112056
Enemy_Xonotic,Killed,Enemy_AssaultCube,20240413_112115
Enemy_Xonotic,Killed,Enemy_CS,20240413_112125
Enemy_OW,Killed,Enemy_AssaultCube,20240413_112145
Enemy_Xonotic,Killed,Enemy_AssaultCube,20240413_112211
Enemy_Xonotic,Killed,Enemy_OW,20240413_112217
Enemy_CS,Killed,Enemy_Xonotic,20240413_112224
Enemy_CS,Killed,Enemy_AssaultCube,20240413_112234
Enemy_OW,Killed,Enemy_CS,20240413_112247
Enemy_OW,Killed,Enemy_AssaultCube,20240413_112259
Enemy_Xonotic,Killed,Enemy_OW,20240413_112302
Enemy_CS,Killed,Enemy_Xonotic,20240413_112320
Enemy_AssaultCube,Killed,Enemy_CS,20240413_112333
Enemy_OW,Killed,Enemy_AssaultCube,20240413_112335
Enemy_Xonotic,Killed,Enemy_OW,20240413_112348
Enemy_AssaultCube,Killed,Enemy_Xonotic,20240413_112357
Enemy_CS,Killed,Enemy_OW,20240413_112413
Enemy_Xonotic,Killed,Enemy_CS,20240413_112420
Enemy_Xonotic,Killed,Enemy_AssaultCube,20240413_112439
Enemy_OW,Killed,Enemy_CS,20240413_112457
Enemy_AssaultCube,Killed,Enemy_OW,20240413_112502
Enemy_AssaultCube,Killed,Enemy_Xonotic,20240413_112513
Enemy_OW,Killed,Enemy_AssaultCube,20240413_112523
Enemy_CS,Killed,Enemy_OW,20240413_112534
Enemy_Xonotic,Killed,Enemy_CS,20240413_112534
Enemy_Xonotic,Killed,Enemy_AssaultCube,20240413_112552
Enemy_Xonotic,Killed,Enemy_OW,20240413_112604
Enemy_Xonotic,Killed,Enemy_CS,20240413_112612
Enemy_AssaultCube,Killed,Enemy_Xonotic,20240413_112621
Enemy_OW,Killed,Enemy_AssaultCube,20240413_112643
Enemy_CS,Killed,Enemy_OW,20240413_112655
Enemy_AssaultCube,Killed,Enemy_CS,20240413_112704
Enemy_CS,Killed,Enemy_OW,20240413_112730
Enemy_Xonotic,Killed,Enemy_AssaultCube,20240413_112735
Enemy_Xonotic,Killed,Enemy_CS,20240413_112747
Enemy_OW,Killed,Enemy_AssaultCube,20240413_112804
Enemy_Xonotic,Killed,Enemy_OW,20240413_112819
Enemy_CS,Killed,Enemy_Xonotic,20240413_112823
Enemy_AssaultCube,Killed,Enemy_CS,20240413_112846
Enemy_OW,Killed,Enemy_Xonotic,20240413_112847
Enemy_AssaultCube,Killed,Enemy_OW,20240413_112858
Enemy_CS,Killed,Enemy_AssaultCube,20240413_112909
Enemy_Xonotic,Killed,Enemy_CS,20240413_112918
Enemy_OW,Killed,Enemy_Xonotic,20240413_112929
Enemy_AssaultCube,Killed,Enemy_OW,20240413_112936
Enemy_CS,Killed,Enemy_AssaultCube,20240413_112947
Enemy_Xonotic,Killed,Enemy_CS,20240413_112955
Enemy_CS,Killed,Enemy_OW,20240413_113017
Enemy_Xonotic,Killed,Enemy_AssaultCube,20240413_113028
Enemy_CS,Killed,Enemy_Xonotic,20240413_113047
Enemy_OW,Killed,Enemy_CS,20240413_113059
Enemy_Xonotic,Killed,Enemy_OW,20240413_113111
Enemy_AssaultCube,Killed,Enemy_Xonotic,20240413_113122
Enemy_CS,Killed,Enemy_AssaultCube,20240413_113126
Enemy_OW,Killed,Enemy_CS,20240413_113143
Enemy_AssaultCube,Killed,Enemy_OW,20240413_113147
Enemy_OW,Killed,Enemy_CS,20240413_113216
Enemy_OW,Killed,Enemy_AssaultCube,20240413_113217
Enemy_OW,Killed,Enemy_Xonotic,20240413_113235
Enemy_CS,Killed,Enemy_OW,20240413_113242
Enemy_AssaultCube,Killed,Enemy_CS,20240413_113251
Enemy_AssaultCube,Killed,Enemy_OW,20240413_113311
Enemy_CS,Killed,Enemy_AssaultCube,20240413_113315
Enemy_Xonotic,Killed,Enemy_CS,20240413_113323
Enemy_Xonotic,Killed,Enemy_OW,20240413_113343
Enemy_AssaultCube,Killed,Enemy_CS,20240413_113354
Enemy_OW,Killed,Enemy_Xonotic,20240413_113402
Enemy_AssaultCube,Killed,Enemy_OW,20240413_113403
Enemy_OW,Killed,Enemy_AssaultCube,20240413_113420
Enemy_CS,Killed,Enemy_OW,20240413_113430
Enemy_Xonotic,Killed,Enemy_CS,20240413_113441
Enemy_AssaultCube,Killed,Enemy_Xonotic,20240413_113455
Enemy_OW,Killed,Enemy_AssaultCube,20240413_113502
Enemy_CS,Killed,Enemy_OW,20240413_113510
Enemy_Xonotic,Killed,Enemy_CS,20240413_113518
Enemy_OW,Killed,Enemy_AssaultCube,20240413_113543
Enemy_OW,Killed,Enemy_CS,20240413_113548
Enemy_Xonotic,Killed,Enemy_OW,20240413_113555
Enemy_AssaultCube,Killed,Enemy_Xonotic,20240413_113606
Enemy_CS,Killed,Enemy_AssaultCube,20240413_113613
Enemy_OW,Killed,Enemy_CS,20240413_113622
Enemy_Xonotic,Killed,Enemy_OW,20240413_113628
Enemy_CS,Killed,Enemy_AssaultCube,20240413_113651
Enemy_Xonotic,Killed,Enemy_CS,20240413_113656
Enemy_OW,Killed,Enemy_Xonotic,20240413_113658
Enemy_Xonotic,Killed,Enemy_OW,20240413_113719
Enemy_AssaultCube,Killed,Enemy_CS,20240413_113721
Enemy_Xonotic,Killed,Enemy_AssaultCube,20240413_113735
Enemy_Xonotic,Killed,Enemy_CS,20240413_113751
Enemy_AssaultCube,Killed,Enemy_Xonotic,20240413_113753
Enemy_Xonotic,Killed,Enemy_OW,20240413_113821
Enemy_CS,Killed,Enemy_AssaultCube,20240413_113825
Enemy_Xonotic,Killed,Enemy_CS,20240413_113828
Enemy_OW,Killed,Enemy_Xonotic,20240413_113851
Enemy_OW,Killed,Enemy_AssaultCube,20240413_113903
Enemy_OW,Killed,Enemy_CS,20240413_113909
Enemy_Xonotic,Killed,Enemy_OW,20240413_113913
Enemy_CS,Killed,Enemy_AssaultCube,20240413_113938
Enemy_Xonotic,Killed,Enemy_CS,20240413_113946
Enemy_CS,Killed,Enemy_AssaultCube,20240413_114013
Enemy_OW,Killed,Enemy_CS,20240413_114014
Enemy_Xonotic,Killed,Enemy_OW,20240413_114015
Enemy_AssaultCube,Killed,Enemy_CS,20240413_114037
Enemy_Xonotic,Killed,Enemy_AssaultCube,20240413_114037
Enemy_OW,Killed,Enemy_Xonotic,20240413_114046
Enemy_Xonotic,Killed,Enemy_OW,20240413_114113
Enemy_Xonotic,Killed,Enemy_AssaultCube,20240413_114130
Enemy_OW,Killed,Enemy_CS,20240413_114137
Enemy_Xonotic,Killed,Enemy_OW,20240413_114139
Enemy_CS,Killed,Enemy_Xonotic,20240413_114203
Enemy_OW,Killed,Enemy_CS,20240413_114209
Enemy_AssaultCube,Killed,Enemy_OW,20240413_114216
Enemy_CS,Killed,Enemy_AssaultCube,20240413_114233
Enemy_Xonotic,Killed,Enemy_CS,20240413_114239
Enemy_OW,Killed,Enemy_Xonotic,20240413_114248
Enemy_AssaultCube,Killed,Enemy_OW,20240413_114257
Enemy_CS,Killed,Enemy_AssaultCube,20240413_114306
Enemy_OW,Killed,Enemy_CS,20240413_114321
Enemy_Xonotic,Killed,Enemy_OW,20240413_114330
Enemy_Xonotic,Killed,Enemy_AssaultCube,20240413_114345
Enemy_CS,Killed,Enemy_Xonotic,20240413_114346
Enemy_OW,Killed,Enemy_CS,20240413_114357
Enemy_Xonotic,Killed,Enemy_OW,20240413_114410
Enemy_AssaultCube,Killed,Enemy_Xonotic,20240413_114419
Enemy_CS,Killed,Enemy_AssaultCube,20240413_114424
Enemy_OW,Killed,Enemy_CS,20240413_114435
Enemy_Xonotic,Killed,Enemy_OW,20240413_114454
Enemy_CS,Killed,Enemy_AssaultCube,20240413_114502
Enemy_CS,Killed,Enemy_Xonotic,20240413_114506
Enemy_OW,Killed,Enemy_CS,20240413_114514
Enemy_AssaultCube,Killed,Enemy_OW,20240413_114536
Enemy_CS,Killed,Enemy_AssaultCube,20240413_114537
Enemy_Xonotic,Killed,Enemy_CS,20240413_114547
Enemy_OW,Killed,Enemy_Xonotic,20240413_114608
Enemy_OW,Killed,Enemy_AssaultCube,20240413_114609
Enemy_OW,Killed,Enemy_CS,20240413_114617
Enemy_AssaultCube,Killed,Enemy_OW,20240413_114631
Enemy_Xonotic,Killed,Enemy_AssaultCube,20240413_114639
Enemy_CS,Killed,Enemy_Xonotic,20240413_114650
Enemy_OW,Killed,Enemy_CS,20240413_114700
Enemy_AssaultCube,Killed,Enemy_OW,20240413_114711
Enemy_Xonotic,Killed,Enemy_AssaultCube,20240413_114723
Enemy_OW,Killed,Enemy_CS,20240413_114735
Enemy_AssaultCube,Killed,Enemy_Xonotic,20240413_114746
Enemy_CS,Killed,Enemy_OW,20240413_114757
Enemy_AssaultCube,Killed,Enemy_CS,20240413_114808
Enemy_Xonotic,Killed,Enemy_AssaultCube,20240413_114816
Enemy_OW,Killed,Enemy_Xonotic,20240413_114823
Enemy_CS,Killed,Enemy_OW,20240413_114834
Enemy_Xonotic,Killed,Enemy_CS,20240413_114848
Enemy_OW,Killed,Enemy_AssaultCube,20240413_114900
Enemy_OW,Killed,Enemy_Xonotic,20240413_114900
Enemy_CS,Killed,Enemy_OW,20240413_114910
Enemy_Xonotic,Killed,Enemy_CS,20240413_114922
Enemy_AssaultCube,Killed,Enemy_OW,20240413_114940
Enemy_CS,Killed,Enemy_Xonotic,20240413_115002
Enemy_OW,Killed,Enemy_AssaultCube,20240413_115005
Enemy_OW,Killed,Enemy_CS,20240413_115018
Enemy_AssaultCube,Killed,Enemy_OW,20240413_115036
Enemy_Xonotic,Killed,Enemy_AssaultCube,20240413_115038
Enemy_CS,Killed,Enemy_Xonotic,20240413_115048
Enemy_OW,Killed,Enemy_CS,20240413_115101
Enemy_AssaultCube,Killed,Enemy_OW,20240413_115112
Enemy_Xonotic,Killed,Enemy_AssaultCube,20240413_115120
Enemy_CS,Killed,Enemy_Xonotic,20240413_115131
Enemy_OW,Killed,Enemy_CS,20240413_115138
Enemy_Xonotic,Killed,Enemy_OW,20240413_115155
Enemy_Xonotic,Killed,Enemy_AssaultCube,20240413_115215
Enemy_CS,Killed,Enemy_OW,20240413_115219
Enemy_Xonotic,Killed,Enemy_CS,20240413_115231
Enemy_AssaultCube,Killed,Enemy_Xonotic,20240413_115244
Enemy_CS,Killed,Enemy_AssaultCube,20240413_115255
Enemy_OW,Killed,Enemy_CS,20240413_115257
Enemy_Xonotic,Killed,Enemy_OW,20240413_115315
Enemy_AssaultCube,Killed,Enemy_CS,20240413_115321
Enemy_Xonotic,Killed,Enemy_AssaultCube,20240413_115323
Enemy_OW,Killed,Enemy_Xonotic,20240413_115343
Enemy_AssaultCube,Killed,Enemy_OW,20240413_115355
Enemy_Xonotic,Killed,Enemy_AssaultCube,20240413_115406
Enemy_CS,Killed,Enemy_OW,20240413_115411
Enemy_OW,Killed,Enemy_CS,20240413_115433
Enemy_OW,Killed,Enemy_Xonotic,20240413_115438
Enemy_AssaultCube,Killed,Enemy_OW,20240413_115440
Enemy_CS,Killed,Enemy_AssaultCube,20240413_115458
Enemy_Xonotic,Killed,Enemy_OW,20240413_115505
Enemy_Xonotic,Killed,Enemy_CS,20240413_115533
Enemy_AssaultCube,Killed,Enemy_OW,20240413_115534
Enemy_AssaultCube,Killed,Enemy_Xonotic,20240413_115557
Enemy_CS,Killed,Enemy_OW,20240413_115607
Enemy_Xonotic,Killed,Enemy_AssaultCube,20240413_115612
Enemy_Xonotic,Killed,Enemy_CS,20240413_115618
Enemy_OW,Killed,Enemy_AssaultCube,20240413_115640
Enemy_Xonotic,Killed,Enemy_OW,20240413_115642
Enemy_CS,Killed,Enemy_Xonotic,20240413_115654
Enemy_OW,Killed,Enemy_CS,20240413_115702
Enemy_CS,Killed,Enemy_OW,20240413_115732
Enemy_AssaultCube,Killed,Enemy_Xonotic,20240413_115734
Enemy_AssaultCube,Killed,Enemy_CS,20240413_115746
Enemy_AssaultCube,Killed,Enemy_Xonotic,20240413_115810
Enemy_CS,Killed,Enemy_OW,20240413_115813
Enemy_Xonotic,Killed,Enemy_AssaultCube,20240413_115832
Enemy_Xonotic,Killed,Enemy_CS,20240413_115849
Enemy_OW,Killed,Enemy_AssaultCube,20240413_115857
Enemy_CS,Killed,Enemy_OW,20240413_115913
Enemy_AssaultCube,Killed,Enemy_Xonotic,20240413_115920
Enemy_CS,Killed,Enemy_AssaultCube,20240413_115920
Enemy_OW,Killed,Enemy_CS,20240413_115939
Enemy_AssaultCube,Killed,Enemy_OW,20240413_115951
Enemy_Xonotic,Killed,Enemy_AssaultCube,20240413_115959
Enemy_CS,Killed,Enemy_Xonotic,20240413_120001
Enemy_OW,Killed,Enemy_CS,20240413_120015
Enemy_AssaultCube,Killed,Enemy_OW,20240413_120030
Enemy_CS,Killed,Enemy_AssaultCube,20240413_120036
Enemy_Xonotic,Killed,Enemy_CS,20240413_120046
Enemy_AssaultCube,Killed,Enemy_Xonotic,20240413_120059
Enemy_CS,Killed,Enemy_OW,20240413_120109
Enemy_AssaultCube,Killed,Enemy_CS,20240413_120118
Enemy_Xonotic,Killed,Enemy_AssaultCube,20240413_120130
Enemy_CS,Killed,Enemy_OW,20240413_120145
Enemy_Xonotic,Killed,Enemy_CS,20240413_120147
Enemy_AssaultCube,Killed,Enemy_Xonotic,20240413_120203
Enemy_OW,Killed,Enemy_AssaultCube,20240413_120208
Enemy_CS,Killed,Enemy_OW,20240413_120220
Enemy_Xonotic,Killed,Enemy_CS,20240413_120224
Enemy_AssaultCube,Killed,Enemy_OW,20240413_120247
Enemy_CS,Killed,Enemy_AssaultCube,20240413_120253
Enemy_Xonotic,Killed,Enemy_CS,20240413_120301
Enemy_AssaultCube,Killed,Enemy_OW,20240413_120322
Enemy_CS,Killed,Enemy_AssaultCube,20240413_120332
Enemy_Xonotic,Killed,Enemy_CS,20240413_120339
Enemy_AssaultCube,Killed,Enemy_Xonotic,20240413_120354
Enemy_OW,Killed,Enemy_CS,20240413_120358
Enemy_Xonotic,Killed,Enemy_OW,20240413_120426
Enemy_CS,Killed,Enemy_Xonotic,20240413_120437
Enemy_OW,Killed,Enemy_CS,20240413_120448
Enemy_OW,Killed,Enemy_AssaultCube,20240413_120456
Enemy_Xonotic,Killed,Enemy_OW,20240413_120501
Enemy_CS,Killed,Enemy_Xonotic,20240413_120519
Enemy_OW,Killed,Enemy_CS,20240413_120532
Enemy_Xonotic,Killed,Enemy_AssaultCube,20240413_120542
Enemy_CS,Killed,Enemy_OW,20240413_120558
Enemy_Xonotic,Killed,Enemy_CS,20240413_120613
Enemy_AssaultCube,Killed,Enemy_Xonotic,20240413_120616
Enemy_OW,Killed,Enemy_AssaultCube,20240413_120633
Enemy_CS,Killed,Enemy_OW,20240413_120641
Enemy_Xonotic,Killed,Enemy_CS,20240413_120652
Enemy_AssaultCube,Killed,Enemy_Xonotic,20240413_120655
Enemy_AssaultCube,Killed,Enemy_OW,20240413_120716
Enemy_AssaultCube,Killed,Enemy_CS,20240413_120733
Enemy_OW,Killed,Enemy_AssaultCube,20240413_120738
Enemy_CS,Killed,Enemy_OW,20240413_120755
Enemy_Xonotic,Killed,Enemy_AssaultCube,20240413_120816
Enemy_OW,Killed,Enemy_Xonotic,20240413_120818
Enemy_OW,Killed,Enemy_CS,20240413_120825
Enemy_CS,Killed,Enemy_AssaultCube,20240413_120849
Enemy_Xonotic,Killed,Enemy_OW,20240413_120859
Enemy_Xonotic,Killed,Enemy_CS,20240413_120906
Enemy_Xonotic,Killed,Enemy_AssaultCube,20240413_120926
Enemy_CS,Killed,Enemy_Xonotic,20240413_120937
Enemy_CS,Killed,Enemy_OW,20240413_120940
Enemy_AssaultCube,Killed,Enemy_CS,20240413_120953
Enemy_OW,Killed,Enemy_AssaultCube,20240413_121003
Enemy_Xonotic,Killed,Enemy_OW,20240413_121003
Enemy_Xonotic,Killed,Enemy_CS,20240413_121022
Enemy_OW,Killed,Enemy_AssaultCube,20240413_121033
Enemy_CS,Killed,Enemy_OW,20240413_121044
Enemy_CS,Killed,Enemy_Xonotic,20240413_121048
Enemy_AssaultCube,Killed,Enemy_CS,20240413_121058
Enemy_OW,Killed,Enemy_AssaultCube,20240413_121113
Enemy_Xonotic,Killed,Enemy_OW,20240413_121117
Enemy_Xonotic,Killed,Enemy_CS,20240413_121127
Enemy_AssaultCube,Killed,Enemy_Xonotic,20240413_121141
Enemy_OW,Killed,Enemy_AssaultCube,20240413_121145
Enemy_CS,Killed,Enemy_OW,20240413_121152
Enemy_Xonotic,Killed,Enemy_CS,20240413_121208
Enemy_Xonotic,Killed,Enemy_OW,20240413_121220
Enemy_AssaultCube,Killed,Enemy_Xonotic,20240413_121222
Enemy_CS,Killed,Enemy_AssaultCube,20240413_121244
Enemy_OW,Killed,Enemy_CS,20240413_121248
Enemy_OW,Killed,Enemy_Xonotic,20240413_121301
Enemy_OW,Killed,Enemy_AssaultCube,20240413_121312
Enemy_OW,Killed,Enemy_CS,20240413_121313
Enemy_Xonotic,Killed,Enemy_OW,20240413_121333
Enemy_Xonotic,Killed,Enemy_AssaultCube,20240413_121347
Enemy_OW,Killed,Enemy_Xonotic,20240413_121357
Enemy_OW,Killed,Enemy_CS,20240413_121404
Enemy_AssaultCube,Killed,Enemy_OW,20240413_121418
Enemy_Xonotic,Killed,Enemy_AssaultCube,20240413_121429
Enemy_CS,Killed,Enemy_Xonotic,20240413_121435
Enemy_OW,Killed,Enemy_CS,20240413_121441
Enemy_AssaultCube,Killed,Enemy_OW,20240413_121503
Enemy_CS,Killed,Enemy_AssaultCube,20240413_121505
Enemy_OW,Killed,Enemy_Xonotic,20240413_121529
Enemy_AssaultCube,Killed,Enemy_CS,20240413_121530
Enemy_AssaultCube,Killed,Enemy_OW,20240413_121551
Enemy_Xonotic,Killed,Enemy_AssaultCube,20240413_121600
Enemy_Xonotic,Killed,Enemy_CS,20240413_121619
Enemy_OW,Killed,Enemy_Xonotic,20240413_121622
Enemy_AssaultCube,Killed,Enemy_OW,20240413_121645
Enemy_CS,Killed,Enemy_AssaultCube,20240413_121646
Enemy_Xonotic,Killed,Enemy_CS,20240413_121652
Enemy_OW,Killed,Enemy_Xonotic,20240413_121711
Enemy_AssaultCube,Killed,Enemy_OW,20240413_121718
Enemy_CS,Killed,Enemy_AssaultCube,20240413_121727
Enemy_Xonotic,Killed,Enemy_CS,20240413_121734
Enemy_AssaultCube,Killed,Enemy_OW,20240413_121753
Enemy_Xonotic,Killed,Enemy_AssaultCube,20240413_121804
Enemy_CS,Killed,Enemy_Xonotic,20240413_121820
Enemy_OW,Killed,Enemy_CS,20240413_121836
Enemy_AssaultCube,Killed,Enemy_OW,20240413_121843
Enemy_Xonotic,Killed,Enemy_AssaultCube,20240413_121852
Enemy_CS,Killed,Enemy_Xonotic,20240413_121907
Enemy_OW,Killed,Enemy_CS,20240413_121914
Enemy_AssaultCube,Killed,Enemy_OW,20240413_121918
Enemy_Xonotic,Killed,Enemy_AssaultCube,20240413_121933
Enemy_CS,Killed,Enemy_Xonotic,20240413_121942
Enemy_OW,Killed,Enemy_CS,20240413_121945
Enemy_AssaultCube,Killed,Enemy_OW,20240413_121956
Enemy_Xonotic,Killed,Enemy_AssaultCube,20240413_122015
Enemy_OW,Killed,Enemy_CS,20240413_122022
Enemy_Xonotic,Killed,Enemy_OW,20240413_122023
Enemy_CS,Killed,Enemy_AssaultCube,20240413_122046
Enemy_CS,Killed,Enemy_Xonotic,20240413_122047
Enemy_OW,Killed,Enemy_CS,20240413_122054
Enemy_AssaultCube,Killed,Enemy_OW,20240413_122110
Enemy_Xonotic,Killed,Enemy_AssaultCube,20240413_122121
Enemy_Xonotic,Killed,Enemy_CS,20240413_122125
Enemy_OW,Killed,Enemy_Xonotic,20240413_122141
Enemy_AssaultCube,Killed,Enemy_CS,20240413_122150
Enemy_OW,Killed,Enemy_AssaultCube,20240413_122158
Enemy_Xonotic,Killed,Enemy_OW,20240413_122222
Enemy_AssaultCube,Killed,Enemy_CS,20240413_122230
Enemy_AssaultCube,Killed,Enemy_Xonotic,20240413_122247
Enemy_OW,Killed,Enemy_CS,20240413_122257
Enemy_AssaultCube,Killed,Enemy_OW,20240413_122259
Enemy_OW,Killed,Enemy_AssaultCube,20240413_122323
Enemy_CS,Killed,Enemy_OW,20240413_122336
Enemy_Xonotic,Killed,Enemy_CS,20240413_122337
Enemy_AssaultCube,Killed,Enemy_Xonotic,20240413_122347
Enemy_OW,Killed,Enemy_AssaultCube,20240413_122404
Enemy_CS,Killed,Enemy_OW,20240413_122409
Enemy_Xonotic,Killed,Enemy_CS,20240413_122416
Enemy_AssaultCube,Killed,Enemy_Xonotic,20240413_122432
Enemy_OW,Killed,Enemy_AssaultCube,20240413_122440
Enemy_CS,Killed,Enemy_OW,20240413_122452
Enemy_Xonotic,Killed,Enemy_CS,20240413_122459
Enemy_AssaultCube,Killed,Enemy_OW,20240413_122514
Enemy_Xonotic,Killed,Enemy_AssaultCube,20240413_122515
Enemy_CS,Killed,Enemy_Xonotic,20240413_122521
Enemy_OW,Killed,Enemy_CS,20240413_122538
Enemy_AssaultCube,Killed,Enemy_OW,20240413_122603
Enemy_Xonotic,Killed,Enemy_AssaultCube,20240413_122606
Enemy_CS,Killed,Enemy_Xonotic,20240413_122612
Enemy_OW,Killed,Enemy_CS,20240413_122628
Enemy_Xonotic,Killed,Enemy_OW,20240413_122636
Enemy_AssaultCube,Killed,Enemy_CS,20240413_122654
Enemy_Xonotic,Killed,Enemy_AssaultCube,20240413_122659
Enemy_OW,Killed,Enemy_Xonotic,20240413_122704
Enemy_OW,Killed,Enemy_CS,20240413_122720
Enemy_AssaultCube,Killed,Enemy_OW,20240413_122724
Enemy_Xonotic,Killed,Enemy_CS,20240413_122745
Enemy_AssaultCube,Killed,Enemy_Xonotic,20240413_122746
Enemy_OW,Killed,Enemy_AssaultCube,20240413_122803
Enemy_CS,Killed,Enemy_OW,20240413_122815
Enemy_Xonotic,Killed,Enemy_CS,20240413_122821
Enemy_Xonotic,Killed,Enemy_AssaultCube,20240413_122834
Enemy_OW,Killed,Enemy_Xonotic,20240413_122847
Enemy_OW,Killed,Enemy_CS,20240413_122851
Enemy_AssaultCube,Killed,Enemy_OW,20240413_122901
Enemy_CS,Killed,Enemy_AssaultCube,20240413_122916
Enemy_Xonotic,Killed,Enemy_OW,20240413_122926
Enemy_CS,Killed,Enemy_Xonotic,20240413_122928
Enemy_AssaultCube,Killed,Enemy_CS,20240413_122938
Enemy_OW,Killed,Enemy_AssaultCube,20240413_122955
Enemy_CS,Killed,Enemy_OW,20240413_123009
Enemy_CS,Killed,Enemy_AssaultCube,20240413_123022
Enemy_Xonotic,Killed,Enemy_CS,20240413_123025
Enemy_Xonotic,Killed,Enemy_OW,20240413_123041
Enemy_AssaultCube,Killed,Enemy_CS,20240413_123049
Enemy_AssaultCube,Killed,Enemy_Xonotic,20240413_123103
Enemy_CS,Killed,Enemy_AssaultCube,20240413_123112
Enemy_OW,Killed,Enemy_CS,20240413_123118
Enemy_AssaultCube,Killed,Enemy_OW,20240413_123135
Enemy_CS,Killed,Enemy_AssaultCube,20240413_123141
Enemy_Xonotic,Killed,Enemy_CS,20240413_123152
Enemy_OW,Killed,Enemy_Xonotic,20240413_123158
Enemy_AssaultCube,Killed,Enemy_OW,20240413_123208
Enemy_Xonotic,Killed,Enemy_AssaultCube,20240413_123221
Enemy_CS,Killed,Enemy_OW,20240413_123229
Enemy_Xonotic,Killed,Enemy_CS,20240413_123239
Enemy_OW,Killed,Enemy_Xonotic,20240413_123255
Enemy_AssaultCube,Killed,Enemy_OW,20240413_123258
Enemy_CS,Killed,Enemy_AssaultCube,20240413_123307
Enemy_Xonotic,Killed,Enemy_CS,20240413_123319
Enemy_OW,Killed,Enemy_Xonotic,20240413_123320
Enemy_CS,Killed,Enemy_AssaultCube,20240413_123341
Enemy_Xonotic,Killed,Enemy_CS,20240413_123358
Enemy_AssaultCube,Killed,Enemy_OW,20240413_123405
Enemy_Xonotic,Killed,Enemy_AssaultCube,20240413_123410
Enemy_CS,Killed,Enemy_Xonotic,20240413_123422
Enemy_AssaultCube,Killed,Enemy_CS,20240413_123434
Enemy_OW,Killed,Enemy_AssaultCube,20240413_123438
Enemy_Xonotic,Killed,Enemy_CS,20240413_123507
Enemy_Xonotic,Killed,Enemy_OW,20240413_123510
Enemy_CS,Killed,Enemy_AssaultCube,20240413_123529
Enemy_Xonotic,Killed,Enemy_CS,20240413_123531
Enemy_OW,Killed,Enemy_Xonotic,20240413_123540
Enemy_CS,Killed,Enemy_OW,20240413_123555
Enemy_Xonotic,Killed,Enemy_CS,20240413_123605
Enemy_OW,Killed,Enemy_AssaultCube,20240413_123630
Enemy_CS,Killed,Enemy_OW,20240413_123632
Enemy_Xonotic,Killed,Enemy_CS,20240413_123642
Enemy_AssaultCube,Killed,Enemy_OW,20240413_123702
Enemy_CS,Killed,Enemy_AssaultCube,20240413_123706
Enemy_CS,Killed,Enemy_Xonotic,20240413_123707
Enemy_OW,Killed,Enemy_CS,20240413_123722
Enemy_Xonotic,Killed,Enemy_OW,20240413_123735
Enemy_AssaultCube,Killed,Enemy_Xonotic,20240413_123736
Enemy_AssaultCube,Killed,Enemy_CS,20240413_123747
Enemy_OW,Killed,Enemy_AssaultCube,20240413_123800
Enemy_Xonotic,Killed,Enemy_OW,20240413_123814
Enemy_CS,Killed,Enemy_Xonotic,20240413_123822
Enemy_AssaultCube,Killed,Enemy_CS,20240413_123835
Enemy_OW,Killed,Enemy_AssaultCube,20240413_123839
Enemy_Xonotic,Killed,Enemy_OW,20240413_123852
Enemy_CS,Killed,Enemy_Xonotic,20240413_123906
Enemy_AssaultCube,Killed,Enemy_CS,20240413_123909
Enemy_OW,Killed,Enemy_AssaultCube,20240413_123921
Enemy_CS,Killed,Enemy_OW,20240413_123929
Enemy_Xonotic,Killed,Enemy_CS,20240413_123939
Enemy_AssaultCube,Killed,Enemy_Xonotic,20240413_123950
Enemy_CS,Killed,Enemy_OW,20240413_124004
Enemy_AssaultCube,Killed,Enemy_CS,20240413_124011
Enemy_Xonotic,Killed,Enemy_AssaultCube,20240413_124021
Enemy_CS,Killed,Enemy_OW,20240413_124040
Enemy_AssaultCube,Killed,Enemy_CS,20240413_124040
Enemy_AssaultCube,Killed,Enemy_Xonotic,20240413_124057
Enemy_CS,Killed,Enemy_AssaultCube,20240413_124105
Enemy_AssaultCube,Killed,Enemy_CS,20240413_124130
Enemy_OW,Killed,Enemy_AssaultCube,20240413_124142
Enemy_Xonotic,Killed,Enemy_OW,20240413_124153
Enemy_AssaultCube,Killed,Enemy_Xonotic,20240413_124205
Enemy_OW,Killed,Enemy_CS,20240413_124215
Enemy_Xonotic,Killed,Enemy_AssaultCube,20240413_124241
Enemy_CS,Killed,Enemy_OW,20240413_124247
Enemy_AssaultCube,Killed,Enemy_CS,20240413_124304
Enemy_AssaultCube,Killed,Enemy_Xonotic,20240413_124306
Enemy_OW,Killed,Enemy_AssaultCube,20240413_124317
Enemy_CS,Killed,Enemy_OW,20240413_124327
Enemy_AssaultCube,Killed,Enemy_CS,20240413_124339
Enemy_Xonotic,Killed,Enemy_AssaultCube,20240413_124349
Enemy_OW,Killed,Enemy_CS,20240413_124402
Enemy_CS,Killed,Enemy_OW,20240413_124424
Enemy_Xonotic,Killed,Enemy_CS,20240413_124433
Enemy_AssaultCube,Killed,Enemy_Xonotic,20240413_124434
Enemy_OW,Killed,Enemy_AssaultCube,20240413_124449
Enemy_CS,Killed,Enemy_OW,20240413_124457
Enemy_Xonotic,Killed,Enemy_CS,20240413_124505
Enemy_AssaultCube,Killed,Enemy_Xonotic,20240413_124515
Enemy_OW,Killed,Enemy_AssaultCube,20240413_124539
Enemy_CS,Killed,Enemy_OW,20240413_124548
Enemy_AssaultCube,Killed,Enemy_CS,20240413_124605
Enemy_Xonotic,Killed,Enemy_OW,20240413_124616
Enemy_AssaultCube,Killed,Enemy_Xonotic,20240413_124622
Enemy_CS,Killed,Enemy_AssaultCube,20240413_124636
Enemy_OW,Killed,Enemy_CS,20240413_124648
Enemy_AssaultCube,Killed,Enemy_OW,20240413_124703
Enemy_CS,Killed,Enemy_AssaultCube,20240413_124716
Enemy_OW,Killed,Enemy_CS,20240413_124729
Enemy_AssaultCube,Killed,Enemy_OW,20240413_124748
Enemy_AssaultCube,Killed,Enemy_Xonotic,20240413_124753
Enemy_AssaultCube,Killed,Enemy_CS,20240413_124756
Enemy_OW,Killed,Enemy_AssaultCube,20240413_124812
Enemy_Xonotic,Killed,Enemy_OW,20240413_124819
Enemy_AssaultCube,Killed,Enemy_CS,20240413_124838
Enemy_AssaultCube,Killed,Enemy_Xonotic,20240413_124853
Enemy_OW,Killed,Enemy_AssaultCube,20240413_124854
Enemy_CS,Killed,Enemy_OW,20240413_124904
Enemy_AssaultCube,Killed,Enemy_CS,20240413_124917
Enemy_Xonotic,Killed,Enemy_AssaultCube,20240413_124928
Enemy_OW,Killed,Enemy_Xonotic,20240413_124937
Enemy_CS,Killed,Enemy_OW,20240413_124941
Enemy_AssaultCube,Killed,Enemy_CS,20240413_124954
Enemy_Xonotic,Killed,Enemy_AssaultCube,20240413_125009
Enemy_OW,Killed,Enemy_Xonotic,20240413_125016
Enemy_CS,Killed,Enemy_OW,20240413_125022
Enemy_AssaultCube,Killed,Enemy_CS,20240413_125035
Enemy_Xonotic,Killed,Enemy_OW,20240413_125057
Enemy_CS,Killed,Enemy_Xonotic,20240413_125058
Enemy_CS,Killed,Enemy_AssaultCube,20240413_125109
Enemy_OW,Killed,Enemy_CS,20240413_125119
Enemy_Xonotic,Killed,Enemy_OW,20240413_125136
Enemy_AssaultCube,Killed,Enemy_Xonotic,20240413_125138
Enemy_CS,Killed,Enemy_AssaultCube,20240413_125154
Enemy_Xonotic,Killed,Enemy_CS,20240413_125159
Enemy_OW,Killed,Enemy_AssaultCube,20240413_125218
Enemy_CS,Killed,Enemy_OW,20240413_125227
Enemy_CS,Killed,Enemy_Xonotic,20240413_125234
Enemy_AssaultCube,Killed,Enemy_CS,20240413_125239
Enemy_OW,Killed,Enemy_AssaultCube,20240413_125257
Enemy_Xonotic,Killed,Enemy_OW,20240413_125300
Enemy_CS,Killed,Enemy_OW,20240413_125321
Enemy_Xonotic,Killed,Enemy_CS,20240413_125332
Enemy_AssaultCube,Killed,Enemy_Xonotic,20240413_125343
Enemy_OW,Killed,Enemy_AssaultCube,20240413_125351
Enemy_CS,Killed,Enemy_OW,20240413_125357
Enemy_AssaultCube,Killed,Enemy_CS,20240413_125412
Enemy_Xonotic,Killed,Enemy_AssaultCube,20240413_125420
Enemy_CS,Killed,Enemy_Xonotic,20240413_125431
Enemy_OW,Killed,Enemy_CS,20240413_125443
Enemy_AssaultCube,Killed,Enemy_OW,20240413_125507
Enemy_Xonotic,Killed,Enemy_AssaultCube,20240413_125510
Enemy_CS,Killed,Enemy_Xonotic,20240413_125512
Enemy_AssaultCube,Killed,Enemy_CS,20240413_125531
Enemy_OW,Killed,Enemy_Xonotic,20240413_125537
Enemy_CS,Killed,Enemy_OW,20240413_125559
Enemy_CS,Killed,Enemy_AssaultCube,20240413_125609
Enemy_Xonotic,Killed,Enemy_CS,20240413_125612
Enemy_OW,Killed,Enemy_Xonotic,20240413_125625
Enemy_AssaultCube,Killed,Enemy_OW,20240413_125635
Enemy_CS,Killed,Enemy_AssaultCube,20240413_125644
Enemy_Xonotic,Killed,Enemy_CS,20240413_125650
Enemy_AssaultCube,Killed,Enemy_Xonotic,20240413_125706
Enemy_OW,Killed,Enemy_CS,20240413_125711
Enemy_CS,Killed,Enemy_AssaultCube,20240413_125737
Enemy_Xonotic,Killed,Enemy_OW,20240413_125738
Enemy_Xonotic,Killed,Enemy_CS,20240413_125746
Enemy_OW,Killed,Enemy_AssaultCube,20240413_125812
Enemy_CS,Killed,Enemy_Xonotic,20240413_125815
Enemy_OW,Killed,Enemy_CS,20240413_125822
Enemy_AssaultCube,Killed,Enemy_OW,20240413_125835
Enemy_CS,Killed,Enemy_Xonotic,20240413_125854
Enemy_OW,Killed,Enemy_CS,20240413_125857
Enemy_OW,Killed,Enemy_AssaultCube,20240413_125905
Enemy_Xonotic,Killed,Enemy_OW,20240413_125924
Enemy_CS,Killed,Enemy_Xonotic,20240413_125925
Enemy_AssaultCube,Killed,Enemy_CS,20240413_125929
Enemy_CS,Killed,Enemy_AssaultCube,20240413_125953
Enemy_Xonotic,Killed,Enemy_CS,20240413_130005
Enemy_AssaultCube,Killed,Enemy_OW,20240413_130023
Enemy_CS,Killed,Enemy_Xonotic,20240413_130045
Enemy_OW,Killed,Enemy_CS,20240413_130059
Enemy_AssaultCube,Killed,Enemy_OW,20240413_130100
Enemy_OW,Killed,Enemy_AssaultCube,20240413_130124
Enemy_Xonotic,Killed,Enemy_CS,20240413_130136
Enemy_OW,Killed,Enemy_Xonotic,20240413_130138
Enemy_CS,Killed,Enemy_AssaultCube,20240413_130201
Enemy_OW,Killed,Enemy_CS,20240413_130206
Enemy_Xonotic,Killed,Enemy_OW,20240413_130213
Enemy_AssaultCube,Killed,Enemy_Xonotic,20240413_130228
Enemy_OW,Killed,Enemy_AssaultCube,20240413_130239
Enemy_CS,Killed,Enemy_OW,20240413_130241
Enemy_Xonotic,Killed,Enemy_CS,20240413_130254
Enemy_AssaultCube,Killed,Enemy_OW,20240413_130316
Enemy_CS,Killed,Enemy_AssaultCube,20240413_130318
Enemy_CS,Killed,Enemy_Xonotic,20240413_130326
Enemy_OW,Killed,Enemy_CS,20240413_130339
Enemy_AssaultCube,Killed,Enemy_OW,20240413_130346
Enemy_Xonotic,Killed,Enemy_CS,20240413_130406
Enemy_AssaultCube,Killed,Enemy_Xonotic,20240413_130407
Enemy_OW,Killed,Enemy_AssaultCube,20240413_130407
Enemy_OW,Killed,Enemy_CS,20240413_130431
Enemy_Xonotic,Killed,Enemy_OW,20240413_130447
Enemy_Xonotic,Killed,Enemy_AssaultCube,20240413_130457
Enemy_CS,Killed,Enemy_Xonotic,20240413_130504
Enemy_OW,Killed,Enemy_CS,20240413_130517
Enemy_AssaultCube,Killed,Enemy_OW,20240413_130528
Enemy_CS,Killed,Enemy_AssaultCube,20240413_130540
Enemy_Xonotic,Killed,Enemy_CS,20240413_130549
Enemy_OW,Killed,Enemy_Xonotic,20240413_130552
Enemy_Xonotic,Killed,Enemy_OW,20240413_130615
Enemy_AssaultCube,Killed,Enemy_CS,20240413_130617
