CS,0,OW,0,AssaultCube,0,Xonotic,0,Modified_AssaultCube,0,Modified_Xonotic,0,20240411_022627
CS,0,OW,0,AssaultCube,0,Xonotic,0,Modified_AssaultCube,0,Modified_Xonotic,0,20240411_022647
CS,0,OW,0,AssaultCube,0,Xonotic,0,Modified_AssaultCube,0,Modified_Xonotic,0,20240411_022707
CS,0,OW,0,AssaultCube,13,Xonotic,0,Modified_AssaultCube,0,Modified_Xonotic,0,20240411_022727
CS,3,OW,16,AssaultCube,13,Xonotic,0,Modified_AssaultCube,0,Modified_Xonotic,0,20240411_022747
CS,3,OW,16,AssaultCube,13,Xonotic,3,Modified_AssaultCube,0,Modified_Xonotic,0,20240411_022807
CS,3,OW,37,AssaultCube,13,Xonotic,3,Modified_AssaultCube,0,Modified_Xonotic,0,20240411_022827
CS,3,OW,37,AssaultCube,13,Xonotic,3,Modified_AssaultCube,0,Modified_Xonotic,0,20240411_022847
CS,3,OW,39,AssaultCube,13,Xonotic,3,Modified_AssaultCube,0,Modified_Xonotic,0,20240411_022907
CS,3,OW,39,AssaultCube,20,Xonotic,3,Modified_AssaultCube,0,Modified_Xonotic,0,20240411_022927
CS,11,OW,39,AssaultCube,20,Xonotic,3,Modified_AssaultCube,0,Modified_Xonotic,0,20240411_022947
CS,11,OW,39,AssaultCube,20,Xonotic,3,Modified_AssaultCube,0,Modified_Xonotic,0,20240411_023007
CS,11,OW,39,AssaultCube,20,Xonotic,3,Modified_AssaultCube,0,Modified_Xonotic,0,20240411_023027
CS,14,OW,39,AssaultCube,20,Xonotic,3,Modified_AssaultCube,0,Modified_Xonotic,0,20240411_023047
CS,14,OW,39,AssaultCube,20,Xonotic,4,Modified_AssaultCube,0,Modified_Xonotic,0,20240411_023107
CS,14,OW,41,AssaultCube,20,Xonotic,4,Modified_AssaultCube,0,Modified_Xonotic,0,20240411_023127
CS,15,OW,41,AssaultCube,20,Xonotic,4,Modified_AssaultCube,0,Modified_Xonotic,0,20240411_023147
CS,15,OW,41,AssaultCube,27,Xonotic,4,Modified_AssaultCube,0,Modified_Xonotic,0,20240411_023207
CS,15,OW,41,AssaultCube,32,Xonotic,4,Modified_AssaultCube,0,Modified_Xonotic,0,20240411_023227
CS,15,OW,41,AssaultCube,33,Xonotic,4,Modified_AssaultCube,0,Modified_Xonotic,0,20240411_023247
CS,15,OW,41,AssaultCube,33,Xonotic,5,Modified_AssaultCube,0,Modified_Xonotic,0,20240411_023307
CS,15,OW,41,AssaultCube,33,Xonotic,8,Modified_AssaultCube,0,Modified_Xonotic,0,20240411_023327
CS,15,OW,41,AssaultCube,33,Xonotic,12,Modified_AssaultCube,0,Modified_Xonotic,0,20240411_023347
CS,18,OW,41,AssaultCube,45,Xonotic,12,Modified_AssaultCube,0,Modified_Xonotic,0,20240411_023407
CS,24,OW,41,AssaultCube,54,Xonotic,12,Modified_AssaultCube,0,Modified_Xonotic,0,20240411_023427
CS,68,OW,41,AssaultCube,54,Xonotic,12,Modified_AssaultCube,0,Modified_Xonotic,0,20240411_023447
CS,68,OW,43,AssaultCube,54,Xonotic,12,Modified_AssaultCube,0,Modified_Xonotic,0,20240411_023507
CS,68,OW,43,AssaultCube,54,Xonotic,12,Modified_AssaultCube,0,Modified_Xonotic,0,20240411_023527
CS,68,OW,43,AssaultCube,54,Xonotic,12,Modified_AssaultCube,0,Modified_Xonotic,0,20240411_023547
CS,76,OW,43,AssaultCube,59,Xonotic,12,Modified_AssaultCube,0,Modified_Xonotic,0,20240411_023607
CS,76,OW,47,AssaultCube,63,Xonotic,12,Modified_AssaultCube,0,Modified_Xonotic,0,20240411_023624
CS,76,OW,47,AssaultCube,63,Xonotic,13,Modified_AssaultCube,0,Modified_Xonotic,0,20240411_023644
CS,93,OW,47,AssaultCube,63,Xonotic,13,Modified_AssaultCube,0,Modified_Xonotic,0,20240411_023704
CS,93,OW,47,AssaultCube,67,Xonotic,13,Modified_AssaultCube,0,Modified_Xonotic,0,20240411_023724
CS,99,OW,47,AssaultCube,67,Xonotic,13,Modified_AssaultCube,0,Modified_Xonotic,0,20240411_023744
CS,99,OW,55,AssaultCube,67,Xonotic,13,Modified_AssaultCube,0,Modified_Xonotic,0,20240411_023804
CS,123,OW,55,AssaultCube,67,Xonotic,13,Modified_AssaultCube,0,Modified_Xonotic,0,20240411_023824
CS,123,OW,55,AssaultCube,67,Xonotic,19,Modified_AssaultCube,0,Modified_Xonotic,0,20240411_023844
CS,124,OW,55,AssaultCube,67,Xonotic,33,Modified_AssaultCube,0,Modified_Xonotic,0,20240411_023904
CS,124,OW,76,AssaultCube,67,Xonotic,34,Modified_AssaultCube,0,Modified_Xonotic,0,20240411_023924
CS,138,OW,76,AssaultCube,67,Xonotic,34,Modified_AssaultCube,0,Modified_Xonotic,0,20240411_023944
CS,139,OW,80,AssaultCube,67,Xonotic,34,Modified_AssaultCube,0,Modified_Xonotic,0,20240411_024004
CS,144,OW,80,AssaultCube,67,Xonotic,36,Modified_AssaultCube,0,Modified_Xonotic,0,20240411_024024
CS,144,OW,87,AssaultCube,71,Xonotic,36,Modified_AssaultCube,0,Modified_Xonotic,0,20240411_024044
CS,154,OW,87,AssaultCube,72,Xonotic,36,Modified_AssaultCube,0,Modified_Xonotic,0,20240411_024104
CS,154,OW,87,AssaultCube,72,Xonotic,36,Modified_AssaultCube,0,Modified_Xonotic,0,20240411_024124
CS,163,OW,87,AssaultCube,72,Xonotic,36,Modified_AssaultCube,0,Modified_Xonotic,0,20240411_024144
CS,179,OW,87,AssaultCube,72,Xonotic,36,Modified_AssaultCube,0,Modified_Xonotic,0,20240411_024204
CS,179,OW,87,AssaultCube,72,Xonotic,36,Modified_AssaultCube,0,Modified_Xonotic,0,20240411_024224
CS,179,OW,87,AssaultCube,72,Xonotic,36,Modified_AssaultCube,0,Modified_Xonotic,0,20240411_024244
CS,180,OW,87,AssaultCube,72,Xonotic,36,Modified_AssaultCube,0,Modified_Xonotic,0,20240411_024304
CS,184,OW,87,AssaultCube,78,Xonotic,36,Modified_AssaultCube,0,Modified_Xonotic,0,20240411_024324
CS,188,OW,87,AssaultCube,79,Xonotic,36,Modified_AssaultCube,0,Modified_Xonotic,0,20240411_024344
CS,190,OW,88,AssaultCube,79,Xonotic,36,Modified_AssaultCube,0,Modified_Xonotic,0,20240411_024404
CS,190,OW,88,AssaultCube,79,Xonotic,37,Modified_AssaultCube,0,Modified_Xonotic,0,20240411_024424
CS,190,OW,100,AssaultCube,79,Xonotic,37,Modified_AssaultCube,0,Modified_Xonotic,0,20240411_024444
CS,190,OW,110,AssaultCube,79,Xonotic,49,Modified_AssaultCube,0,Modified_Xonotic,0,20240411_024504
CS,200,OW,116,AssaultCube,79,Xonotic,52,Modified_AssaultCube,0,Modified_Xonotic,0,20240411_024524
CS,200,OW,139,AssaultCube,79,Xonotic,60,Modified_AssaultCube,0,Modified_Xonotic,0,20240411_024544
CS,200,OW,139,AssaultCube,79,Xonotic,81,Modified_AssaultCube,0,Modified_Xonotic,0,20240411_024604
CS,200,OW,139,AssaultCube,79,Xonotic,81,Modified_AssaultCube,0,Modified_Xonotic,0,20240411_024624
CS,200,OW,139,AssaultCube,79,Xonotic,85,Modified_AssaultCube,0,Modified_Xonotic,0,20240411_024644
CS,200,OW,139,AssaultCube,97,Xonotic,85,Modified_AssaultCube,0,Modified_Xonotic,0,20240411_024704
CS,208,OW,139,AssaultCube,97,Xonotic,85,Modified_AssaultCube,0,Modified_Xonotic,0,20240411_024724
CS,211,OW,139,AssaultCube,97,Xonotic,85,Modified_AssaultCube,0,Modified_Xonotic,0,20240411_024744
CS,221,OW,139,AssaultCube,97,Xonotic,85,Modified_AssaultCube,0,Modified_Xonotic,0,20240411_024804
CS,236,OW,139,AssaultCube,97,Xonotic,91,Modified_AssaultCube,0,Modified_Xonotic,0,20240411_024824
CS,236,OW,139,AssaultCube,97,Xonotic,110,Modified_AssaultCube,0,Modified_Xonotic,0,20240411_024844
CS,237,OW,139,AssaultCube,107,Xonotic,110,Modified_AssaultCube,0,Modified_Xonotic,0,20240411_024904
CS,237,OW,139,AssaultCube,110,Xonotic,113,Modified_AssaultCube,0,Modified_Xonotic,0,20240411_024924
CS,247,OW,139,AssaultCube,110,Xonotic,113,Modified_AssaultCube,0,Modified_Xonotic,0,20240411_024944
CS,247,OW,139,AssaultCube,110,Xonotic,114,Modified_AssaultCube,0,Modified_Xonotic,0,20240411_025004
CS,250,OW,139,AssaultCube,110,Xonotic,115,Modified_AssaultCube,0,Modified_Xonotic,0,20240411_025024
CS,250,OW,146,AssaultCube,110,Xonotic,115,Modified_AssaultCube,0,Modified_Xonotic,0,20240411_025044
CS,250,OW,146,AssaultCube,110,Xonotic,115,Modified_AssaultCube,0,Modified_Xonotic,0,20240411_025104
CS,250,OW,152,AssaultCube,110,Xonotic,115,Modified_AssaultCube,0,Modified_Xonotic,0,20240411_025124
CS,250,OW,157,AssaultCube,110,Xonotic,115,Modified_AssaultCube,0,Modified_Xonotic,0,20240411_025144
CS,259,OW,161,AssaultCube,110,Xonotic,115,Modified_AssaultCube,0,Modified_Xonotic,0,20240411_025204
CS,259,OW,180,AssaultCube,110,Xonotic,115,Modified_AssaultCube,0,Modified_Xonotic,0,20240411_025224
CS,259,OW,180,AssaultCube,117,Xonotic,115,Modified_AssaultCube,0,Modified_Xonotic,0,20240411_025244
CS,259,OW,183,AssaultCube,117,Xonotic,115,Modified_AssaultCube,0,Modified_Xonotic,0,20240411_025304
CS,259,OW,183,AssaultCube,132,Xonotic,115,Modified_AssaultCube,0,Modified_Xonotic,0,20240411_025324
CS,259,OW,183,AssaultCube,132,Xonotic,115,Modified_AssaultCube,0,Modified_Xonotic,0,20240411_025344
CS,259,OW,183,AssaultCube,132,Xonotic,115,Modified_AssaultCube,0,Modified_Xonotic,0,20240411_025404
CS,259,OW,183,AssaultCube,132,Xonotic,115,Modified_AssaultCube,0,Modified_Xonotic,0,20240411_025424
CS,259,OW,200,AssaultCube,132,Xonotic,115,Modified_AssaultCube,0,Modified_Xonotic,0,20240411_025444
CS,266,OW,200,AssaultCube,132,Xonotic,115,Modified_AssaultCube,0,Modified_Xonotic,0,20240411_025504
CS,270,OW,231,AssaultCube,132,Xonotic,115,Modified_AssaultCube,0,Modified_Xonotic,0,20240411_025524
CS,270,OW,250,AssaultCube,132,Xonotic,128,Modified_AssaultCube,0,Modified_Xonotic,0,20240411_025544
CS,271,OW,250,AssaultCube,132,Xonotic,139,Modified_AssaultCube,0,Modified_Xonotic,0,20240411_025605
CS,272,OW,271,AssaultCube,132,Xonotic,139,Modified_AssaultCube,0,Modified_Xonotic,0,20240411_025625
CS,275,OW,271,AssaultCube,132,Xonotic,148,Modified_AssaultCube,0,Modified_Xonotic,0,20240411_025645
CS,283,OW,271,AssaultCube,132,Xonotic,148,Modified_AssaultCube,0,Modified_Xonotic,0,20240411_025705
CS,287,OW,271,AssaultCube,132,Xonotic,151,Modified_AssaultCube,0,Modified_Xonotic,0,20240411_025725
CS,287,OW,271,AssaultCube,141,Xonotic,151,Modified_AssaultCube,0,Modified_Xonotic,0,20240411_025745
CS,293,OW,271,AssaultCube,145,Xonotic,151,Modified_AssaultCube,0,Modified_Xonotic,0,20240411_025805
CS,295,OW,276,AssaultCube,145,Xonotic,151,Modified_AssaultCube,0,Modified_Xonotic,0,20240411_025825
CS,295,OW,276,AssaultCube,145,Xonotic,157,Modified_AssaultCube,0,Modified_Xonotic,0,20240411_025845
CS,295,OW,283,AssaultCube,145,Xonotic,157,Modified_AssaultCube,0,Modified_Xonotic,0,20240411_025905
CS,295,OW,283,AssaultCube,145,Xonotic,166,Modified_AssaultCube,0,Modified_Xonotic,0,20240411_025925
CS,308,OW,287,AssaultCube,145,Xonotic,166,Modified_AssaultCube,0,Modified_Xonotic,0,20240411_025945
CS,311,OW,287,AssaultCube,146,Xonotic,166,Modified_AssaultCube,0,Modified_Xonotic,0,20240411_030005
CS,337,OW,287,AssaultCube,146,Xonotic,166,Modified_AssaultCube,0,Modified_Xonotic,0,20240411_030025
CS,337,OW,287,AssaultCube,147,Xonotic,166,Modified_AssaultCube,0,Modified_Xonotic,0,20240411_030045
CS,340,OW,291,AssaultCube,149,Xonotic,166,Modified_AssaultCube,0,Modified_Xonotic,0,20240411_030105
CS,340,OW,305,AssaultCube,151,Xonotic,166,Modified_AssaultCube,0,Modified_Xonotic,0,20240411_030125
CS,340,OW,305,AssaultCube,153,Xonotic,166,Modified_AssaultCube,0,Modified_Xonotic,0,20240411_030145
CS,340,OW,325,AssaultCube,153,Xonotic,166,Modified_AssaultCube,0,Modified_Xonotic,0,20240411_030205
CS,340,OW,325,AssaultCube,153,Xonotic,169,Modified_AssaultCube,0,Modified_Xonotic,0,20240411_030225
CS,340,OW,346,AssaultCube,153,Xonotic,169,Modified_AssaultCube,0,Modified_Xonotic,0,20240411_030245
CS,340,OW,364,AssaultCube,153,Xonotic,169,Modified_AssaultCube,0,Modified_Xonotic,0,20240411_030305
CS,340,OW,365,AssaultCube,153,Xonotic,169,Modified_AssaultCube,0,Modified_Xonotic,0,20240411_030325
CS,340,OW,393,AssaultCube,153,Xonotic,169,Modified_AssaultCube,0,Modified_Xonotic,0,20240411_030345
CS,356,OW,393,AssaultCube,153,Xonotic,185,Modified_AssaultCube,0,Modified_Xonotic,0,20240411_030405
CS,368,OW,396,AssaultCube,155,Xonotic,185,Modified_AssaultCube,0,Modified_Xonotic,0,20240411_030425
CS,368,OW,396,AssaultCube,160,Xonotic,190,Modified_AssaultCube,0,Modified_Xonotic,0,20240411_030445
CS,371,OW,399,AssaultCube,160,Xonotic,190,Modified_AssaultCube,0,Modified_Xonotic,0,20240411_030505
CS,378,OW,399,AssaultCube,160,Xonotic,190,Modified_AssaultCube,0,Modified_Xonotic,0,20240411_030525
CS,388,OW,404,AssaultCube,160,Xonotic,190,Modified_AssaultCube,0,Modified_Xonotic,0,20240411_030545
CS,392,OW,404,AssaultCube,160,Xonotic,190,Modified_AssaultCube,0,Modified_Xonotic,0,20240411_030605
CS,405,OW,405,AssaultCube,160,Xonotic,190,Modified_AssaultCube,0,Modified_Xonotic,0,20240411_030625
CS,405,OW,405,AssaultCube,162,Xonotic,190,Modified_AssaultCube,0,Modified_Xonotic,0,20240411_030645
CS,407,OW,411,AssaultCube,162,Xonotic,190,Modified_AssaultCube,0,Modified_Xonotic,0,20240411_030705
CS,407,OW,435,AssaultCube,162,Xonotic,190,Modified_AssaultCube,0,Modified_Xonotic,0,20240411_030725
CS,421,OW,435,AssaultCube,162,Xonotic,190,Modified_AssaultCube,0,Modified_Xonotic,0,20240411_030745
CS,421,OW,439,AssaultCube,162,Xonotic,192,Modified_AssaultCube,0,Modified_Xonotic,0,20240411_030805
CS,433,OW,441,AssaultCube,162,Xonotic,193,Modified_AssaultCube,0,Modified_Xonotic,0,20240411_030825
CS,433,OW,444,AssaultCube,162,Xonotic,193,Modified_AssaultCube,0,Modified_Xonotic,0,20240411_030845
CS,433,OW,444,AssaultCube,162,Xonotic,193,Modified_AssaultCube,0,Modified_Xonotic,0,20240411_030905
CS,433,OW,447,AssaultCube,162,Xonotic,193,Modified_AssaultCube,0,Modified_Xonotic,0,20240411_030925
CS,433,OW,447,AssaultCube,165,Xonotic,193,Modified_AssaultCube,0,Modified_Xonotic,0,20240411_030945
CS,434,OW,447,AssaultCube,165,Xonotic,193,Modified_AssaultCube,0,Modified_Xonotic,0,20240411_031005
CS,434,OW,455,AssaultCube,165,Xonotic,193,Modified_AssaultCube,0,Modified_Xonotic,0,20240411_031025
CS,434,OW,455,AssaultCube,165,Xonotic,193,Modified_AssaultCube,0,Modified_Xonotic,0,20240411_031045
CS,434,OW,470,AssaultCube,165,Xonotic,193,Modified_AssaultCube,0,Modified_Xonotic,0,20240411_031105
CS,434,OW,470,AssaultCube,165,Xonotic,196,Modified_AssaultCube,0,Modified_Xonotic,0,20240411_031125
CS,434,OW,482,AssaultCube,165,Xonotic,198,Modified_AssaultCube,0,Modified_Xonotic,0,20240411_031145
CS,436,OW,482,AssaultCube,165,Xonotic,198,Modified_AssaultCube,0,Modified_Xonotic,0,20240411_031205
CS,437,OW,505,AssaultCube,165,Xonotic,198,Modified_AssaultCube,0,Modified_Xonotic,0,20240411_031225
CS,441,OW,505,AssaultCube,165,Xonotic,198,Modified_AssaultCube,0,Modified_Xonotic,0,20240411_031245
CS,442,OW,525,AssaultCube,165,Xonotic,198,Modified_AssaultCube,0,Modified_Xonotic,0,20240411_031305
CS,442,OW,525,AssaultCube,169,Xonotic,198,Modified_AssaultCube,0,Modified_Xonotic,0,20240411_031325
CS,442,OW,525,AssaultCube,169,Xonotic,198,Modified_AssaultCube,0,Modified_Xonotic,0,20240411_031345
CS,463,OW,525,AssaultCube,169,Xonotic,198,Modified_AssaultCube,0,Modified_Xonotic,0,20240411_031405
CS,466,OW,535,AssaultCube,169,Xonotic,198,Modified_AssaultCube,0,Modified_Xonotic,0,20240411_031425
CS,466,OW,535,AssaultCube,172,Xonotic,198,Modified_AssaultCube,0,Modified_Xonotic,0,20240411_031445
CS,466,OW,546,AssaultCube,172,Xonotic,198,Modified_AssaultCube,0,Modified_Xonotic,0,20240411_031505
CS,466,OW,546,AssaultCube,172,Xonotic,198,Modified_AssaultCube,0,Modified_Xonotic,0,20240411_031525
CS,466,OW,547,AssaultCube,172,Xonotic,198,Modified_AssaultCube,0,Modified_Xonotic,0,20240411_031545
CS,466,OW,547,AssaultCube,177,Xonotic,198,Modified_AssaultCube,0,Modified_Xonotic,0,20240411_031605
CS,466,OW,547,AssaultCube,177,Xonotic,198,Modified_AssaultCube,0,Modified_Xonotic,0,20240411_031625
CS,466,OW,559,AssaultCube,177,Xonotic,198,Modified_AssaultCube,0,Modified_Xonotic,0,20240411_031645
CS,466,OW,559,AssaultCube,178,Xonotic,198,Modified_AssaultCube,0,Modified_Xonotic,0,20240411_031705
CS,466,OW,559,AssaultCube,178,Xonotic,199,Modified_AssaultCube,0,Modified_Xonotic,0,20240411_031725
CS,466,OW,559,AssaultCube,179,Xonotic,201,Modified_AssaultCube,0,Modified_Xonotic,0,20240411_031745
CS,466,OW,559,AssaultCube,179,Xonotic,201,Modified_AssaultCube,0,Modified_Xonotic,0,20240411_031805
CS,466,OW,560,AssaultCube,179,Xonotic,201,Modified_AssaultCube,0,Modified_Xonotic,0,20240411_031825
CS,466,OW,564,AssaultCube,179,Xonotic,201,Modified_AssaultCube,0,Modified_Xonotic,0,20240411_031845
CS,478,OW,564,AssaultCube,179,Xonotic,201,Modified_AssaultCube,0,Modified_Xonotic,0,20240411_031905
CS,478,OW,564,AssaultCube,179,Xonotic,201,Modified_AssaultCube,0,Modified_Xonotic,0,20240411_031925
CS,478,OW,564,AssaultCube,179,Xonotic,201,Modified_AssaultCube,0,Modified_Xonotic,0,20240411_031945
CS,478,OW,566,AssaultCube,179,Xonotic,201,Modified_AssaultCube,0,Modified_Xonotic,0,20240411_032005
CS,478,OW,591,AssaultCube,179,Xonotic,201,Modified_AssaultCube,0,Modified_Xonotic,0,20240411_032025
CS,478,OW,591,AssaultCube,179,Xonotic,216,Modified_AssaultCube,0,Modified_Xonotic,0,20240411_032045
CS,478,OW,592,AssaultCube,179,Xonotic,216,Modified_AssaultCube,0,Modified_Xonotic,0,20240411_032105
CS,478,OW,592,AssaultCube,179,Xonotic,216,Modified_AssaultCube,0,Modified_Xonotic,0,20240411_032125
CS,478,OW,592,AssaultCube,184,Xonotic,216,Modified_AssaultCube,0,Modified_Xonotic,0,20240411_032145
CS,478,OW,592,AssaultCube,185,Xonotic,216,Modified_AssaultCube,0,Modified_Xonotic,0,20240411_032205
CS,482,OW,593,AssaultCube,185,Xonotic,216,Modified_AssaultCube,0,Modified_Xonotic,0,20240411_032225
CS,482,OW,593,AssaultCube,185,Xonotic,221,Modified_AssaultCube,0,Modified_Xonotic,0,20240411_032245
CS,483,OW,593,AssaultCube,185,Xonotic,221,Modified_AssaultCube,0,Modified_Xonotic,0,20240411_032305
CS,483,OW,593,AssaultCube,185,Xonotic,221,Modified_AssaultCube,0,Modified_Xonotic,0,20240411_032325
CS,492,OW,593,AssaultCube,191,Xonotic,221,Modified_AssaultCube,0,Modified_Xonotic,0,20240411_032345
CS,492,OW,593,AssaultCube,205,Xonotic,221,Modified_AssaultCube,0,Modified_Xonotic,0,20240411_032405
CS,522,OW,593,AssaultCube,205,Xonotic,221,Modified_AssaultCube,0,Modified_Xonotic,0,20240411_032425
CS,524,OW,603,AssaultCube,205,Xonotic,221,Modified_AssaultCube,0,Modified_Xonotic,0,20240411_032445
CS,524,OW,613,AssaultCube,205,Xonotic,221,Modified_AssaultCube,0,Modified_Xonotic,0,20240411_032505
CS,524,OW,613,AssaultCube,208,Xonotic,226,Modified_AssaultCube,0,Modified_Xonotic,0,20240411_032525
CS,538,OW,613,AssaultCube,208,Xonotic,226,Modified_AssaultCube,0,Modified_Xonotic,0,20240411_032545
CS,538,OW,613,AssaultCube,215,Xonotic,226,Modified_AssaultCube,0,Modified_Xonotic,0,20240411_032605
CS,541,OW,614,AssaultCube,215,Xonotic,226,Modified_AssaultCube,0,Modified_Xonotic,0,20240411_032625
CS,541,OW,614,AssaultCube,215,Xonotic,226,Modified_AssaultCube,0,Modified_Xonotic,0,20240411_032645
CS,561,OW,614,AssaultCube,216,Xonotic,226,Modified_AssaultCube,0,Modified_Xonotic,0,20240411_032705
CS,561,OW,614,AssaultCube,217,Xonotic,226,Modified_AssaultCube,0,Modified_Xonotic,0,20240411_032725
CS,576,OW,614,AssaultCube,217,Xonotic,226,Modified_AssaultCube,0,Modified_Xonotic,0,20240411_032745
CS,576,OW,647,AssaultCube,217,Xonotic,226,Modified_AssaultCube,0,Modified_Xonotic,0,20240411_032805
CS,585,OW,652,AssaultCube,217,Xonotic,227,Modified_AssaultCube,0,Modified_Xonotic,0,20240411_032825
CS,585,OW,654,AssaultCube,217,Xonotic,227,Modified_AssaultCube,0,Modified_Xonotic,0,20240411_032845
CS,585,OW,654,AssaultCube,217,Xonotic,227,Modified_AssaultCube,0,Modified_Xonotic,0,20240411_032905
CS,585,OW,654,AssaultCube,217,Xonotic,227,Modified_AssaultCube,0,Modified_Xonotic,0,20240411_032925
CS,585,OW,654,AssaultCube,218,Xonotic,227,Modified_AssaultCube,0,Modified_Xonotic,0,20240411_032945
CS,588,OW,654,AssaultCube,218,Xonotic,227,Modified_AssaultCube,0,Modified_Xonotic,0,20240411_033005
CS,588,OW,654,AssaultCube,218,Xonotic,227,Modified_AssaultCube,0,Modified_Xonotic,0,20240411_033025
CS,595,OW,654,AssaultCube,218,Xonotic,227,Modified_AssaultCube,0,Modified_Xonotic,0,20240411_033045
CS,595,OW,659,AssaultCube,218,Xonotic,231,Modified_AssaultCube,0,Modified_Xonotic,0,20240411_033105
CS,595,OW,659,AssaultCube,218,Xonotic,249,Modified_AssaultCube,0,Modified_Xonotic,0,20240411_033125
CS,595,OW,659,AssaultCube,218,Xonotic,249,Modified_AssaultCube,0,Modified_Xonotic,0,20240411_033145
CS,595,OW,670,AssaultCube,218,Xonotic,249,Modified_AssaultCube,0,Modified_Xonotic,0,20240411_033205
CS,595,OW,671,AssaultCube,218,Xonotic,249,Modified_AssaultCube,0,Modified_Xonotic,0,20240411_033225
CS,610,OW,685,AssaultCube,218,Xonotic,249,Modified_AssaultCube,0,Modified_Xonotic,0,20240411_033245
CS,610,OW,699,AssaultCube,218,Xonotic,249,Modified_AssaultCube,0,Modified_Xonotic,0,20240411_033305
CS,631,OW,699,AssaultCube,218,Xonotic,249,Modified_AssaultCube,0,Modified_Xonotic,0,20240411_033325
CS,631,OW,714,AssaultCube,218,Xonotic,249,Modified_AssaultCube,0,Modified_Xonotic,0,20240411_033345
CS,653,OW,714,AssaultCube,218,Xonotic,253,Modified_AssaultCube,0,Modified_Xonotic,0,20240411_033405
CS,654,OW,714,AssaultCube,218,Xonotic,253,Modified_AssaultCube,0,Modified_Xonotic,0,20240411_033425
CS,654,OW,714,AssaultCube,219,Xonotic,253,Modified_AssaultCube,0,Modified_Xonotic,0,20240411_033445
CS,654,OW,714,AssaultCube,220,Xonotic,253,Modified_AssaultCube,0,Modified_Xonotic,0,20240411_033505
CS,654,OW,715,AssaultCube,220,Xonotic,253,Modified_AssaultCube,0,Modified_Xonotic,0,20240411_033525
CS,654,OW,715,AssaultCube,220,Xonotic,253,Modified_AssaultCube,0,Modified_Xonotic,0,20240411_033545
CS,654,OW,715,AssaultCube,220,Xonotic,253,Modified_AssaultCube,0,Modified_Xonotic,0,20240411_033605
CS,655,OW,715,AssaultCube,220,Xonotic,253,Modified_AssaultCube,0,Modified_Xonotic,0,20240411_033625
CS,661,OW,715,AssaultCube,220,Xonotic,255,Modified_AssaultCube,0,Modified_Xonotic,0,20240411_033645
CS,661,OW,715,AssaultCube,220,Xonotic,255,Modified_AssaultCube,0,Modified_Xonotic,0,20240411_033705
CS,661,OW,715,AssaultCube,220,Xonotic,255,Modified_AssaultCube,0,Modified_Xonotic,0,20240411_033725
CS,661,OW,715,AssaultCube,220,Xonotic,255,Modified_AssaultCube,0,Modified_Xonotic,0,20240411_033745
CS,661,OW,715,AssaultCube,220,Xonotic,255,Modified_AssaultCube,0,Modified_Xonotic,0,20240411_033805
CS,661,OW,715,AssaultCube,220,Xonotic,255,Modified_AssaultCube,0,Modified_Xonotic,0,20240411_033825
CS,661,OW,715,AssaultCube,220,Xonotic,255,Modified_AssaultCube,0,Modified_Xonotic,0,20240411_033845
CS,661,OW,727,AssaultCube,220,Xonotic,255,Modified_AssaultCube,0,Modified_Xonotic,0,20240411_033905
CS,661,OW,727,AssaultCube,237,Xonotic,255,Modified_AssaultCube,0,Modified_Xonotic,0,20240411_033925
CS,663,OW,736,AssaultCube,240,Xonotic,255,Modified_AssaultCube,0,Modified_Xonotic,0,20240411_033945
CS,666,OW,736,AssaultCube,240,Xonotic,255,Modified_AssaultCube,0,Modified_Xonotic,0,20240411_034005
CS,666,OW,738,AssaultCube,240,Xonotic,255,Modified_AssaultCube,0,Modified_Xonotic,0,20240411_034025
CS,666,OW,738,AssaultCube,242,Xonotic,255,Modified_AssaultCube,0,Modified_Xonotic,0,20240411_034045
CS,666,OW,742,AssaultCube,242,Xonotic,255,Modified_AssaultCube,0,Modified_Xonotic,0,20240411_034105
CS,666,OW,742,AssaultCube,244,Xonotic,255,Modified_AssaultCube,0,Modified_Xonotic,0,20240411_034125
CS,666,OW,762,AssaultCube,244,Xonotic,255,Modified_AssaultCube,0,Modified_Xonotic,0,20240411_034145
CS,666,OW,762,AssaultCube,245,Xonotic,258,Modified_AssaultCube,0,Modified_Xonotic,0,20240411_034205
CS,666,OW,767,AssaultCube,245,Xonotic,258,Modified_AssaultCube,0,Modified_Xonotic,0,20240411_034225
CS,666,OW,767,AssaultCube,252,Xonotic,258,Modified_AssaultCube,0,Modified_Xonotic,0,20240411_034245
CS,666,OW,767,AssaultCube,252,Xonotic,260,Modified_AssaultCube,0,Modified_Xonotic,0,20240411_034305
CS,666,OW,767,AssaultCube,252,Xonotic,261,Modified_AssaultCube,0,Modified_Xonotic,0,20240411_034325
CS,666,OW,767,AssaultCube,252,Xonotic,261,Modified_AssaultCube,0,Modified_Xonotic,0,20240411_034345
CS,666,OW,767,AssaultCube,253,Xonotic,267,Modified_AssaultCube,0,Modified_Xonotic,0,20240411_034405
CS,666,OW,767,AssaultCube,253,Xonotic,267,Modified_AssaultCube,0,Modified_Xonotic,0,20240411_034425
CS,666,OW,767,AssaultCube,254,Xonotic,274,Modified_AssaultCube,0,Modified_Xonotic,0,20240411_034445
CS,666,OW,768,AssaultCube,254,Xonotic,276,Modified_AssaultCube,0,Modified_Xonotic,0,20240411_034505
CS,666,OW,768,AssaultCube,254,Xonotic,276,Modified_AssaultCube,0,Modified_Xonotic,0,20240411_034525
CS,669,OW,771,AssaultCube,254,Xonotic,280,Modified_AssaultCube,0,Modified_Xonotic,0,20240411_034545
CS,669,OW,771,AssaultCube,254,Xonotic,280,Modified_AssaultCube,0,Modified_Xonotic,0,20240411_034605
CS,689,OW,771,AssaultCube,254,Xonotic,280,Modified_AssaultCube,0,Modified_Xonotic,0,20240411_034625
CS,689,OW,771,AssaultCube,254,Xonotic,280,Modified_AssaultCube,0,Modified_Xonotic,0,20240411_034645
CS,697,OW,771,AssaultCube,254,Xonotic,280,Modified_AssaultCube,0,Modified_Xonotic,0,20240411_034705
CS,699,OW,786,AssaultCube,254,Xonotic,280,Modified_AssaultCube,0,Modified_Xonotic,0,20240411_034725
CS,699,OW,787,AssaultCube,254,Xonotic,280,Modified_AssaultCube,0,Modified_Xonotic,0,20240411_034745
CS,699,OW,788,AssaultCube,254,Xonotic,280,Modified_AssaultCube,0,Modified_Xonotic,0,20240411_034805
CS,699,OW,788,AssaultCube,254,Xonotic,287,Modified_AssaultCube,0,Modified_Xonotic,0,20240411_034825
CS,699,OW,788,AssaultCube,254,Xonotic,287,Modified_AssaultCube,0,Modified_Xonotic,0,20240411_034845
CS,700,OW,788,AssaultCube,254,Xonotic,287,Modified_AssaultCube,0,Modified_Xonotic,0,20240411_034905
CS,700,OW,790,AssaultCube,254,Xonotic,290,Modified_AssaultCube,0,Modified_Xonotic,0,20240411_034925
CS,700,OW,790,AssaultCube,254,Xonotic,295,Modified_AssaultCube,0,Modified_Xonotic,0,20240411_034945
CS,700,OW,792,AssaultCube,254,Xonotic,295,Modified_AssaultCube,0,Modified_Xonotic,0,20240411_035005
CS,700,OW,792,AssaultCube,254,Xonotic,295,Modified_AssaultCube,0,Modified_Xonotic,0,20240411_035025
CS,714,OW,792,AssaultCube,254,Xonotic,295,Modified_AssaultCube,0,Modified_Xonotic,0,20240411_035045
CS,714,OW,792,AssaultCube,254,Xonotic,297,Modified_AssaultCube,0,Modified_Xonotic,0,20240411_035105
CS,725,OW,792,AssaultCube,254,Xonotic,297,Modified_AssaultCube,0,Modified_Xonotic,0,20240411_035125
CS,725,OW,793,AssaultCube,254,Xonotic,297,Modified_AssaultCube,0,Modified_Xonotic,0,20240411_035145
CS,744,OW,793,AssaultCube,254,Xonotic,297,Modified_AssaultCube,0,Modified_Xonotic,0,20240411_035205
CS,744,OW,813,AssaultCube,254,Xonotic,297,Modified_AssaultCube,0,Modified_Xonotic,0,20240411_035225
CS,744,OW,813,AssaultCube,254,Xonotic,297,Modified_AssaultCube,0,Modified_Xonotic,0,20240411_035245
CS,744,OW,833,AssaultCube,254,Xonotic,297,Modified_AssaultCube,0,Modified_Xonotic,0,20240411_035305
CS,744,OW,833,AssaultCube,266,Xonotic,297,Modified_AssaultCube,0,Modified_Xonotic,0,20240411_035325
CS,746,OW,856,AssaultCube,266,Xonotic,297,Modified_AssaultCube,0,Modified_Xonotic,0,20240411_035345
CS,746,OW,861,AssaultCube,266,Xonotic,297,Modified_AssaultCube,0,Modified_Xonotic,0,20240411_035405
CS,749,OW,867,AssaultCube,266,Xonotic,297,Modified_AssaultCube,0,Modified_Xonotic,0,20240411_035425
CS,749,OW,890,AssaultCube,266,Xonotic,297,Modified_AssaultCube,0,Modified_Xonotic,0,20240411_035445
CS,749,OW,890,AssaultCube,278,Xonotic,297,Modified_AssaultCube,0,Modified_Xonotic,0,20240411_035505
CS,766,OW,890,AssaultCube,278,Xonotic,297,Modified_AssaultCube,0,Modified_Xonotic,0,20240411_035525
CS,778,OW,896,AssaultCube,278,Xonotic,297,Modified_AssaultCube,0,Modified_Xonotic,0,20240411_035545
CS,780,OW,897,AssaultCube,278,Xonotic,297,Modified_AssaultCube,0,Modified_Xonotic,0,20240411_035605
CS,789,OW,904,AssaultCube,278,Xonotic,297,Modified_AssaultCube,0,Modified_Xonotic,0,20240411_035625
CS,789,OW,909,AssaultCube,278,Xonotic,303,Modified_AssaultCube,0,Modified_Xonotic,0,20240411_035645
CS,798,OW,915,AssaultCube,278,Xonotic,303,Modified_AssaultCube,0,Modified_Xonotic,0,20240411_035705
CS,798,OW,925,AssaultCube,278,Xonotic,303,Modified_AssaultCube,0,Modified_Xonotic,0,20240411_035725
CS,811,OW,925,AssaultCube,278,Xonotic,303,Modified_AssaultCube,0,Modified_Xonotic,0,20240411_035745
CS,811,OW,925,AssaultCube,278,Xonotic,303,Modified_AssaultCube,0,Modified_Xonotic,0,20240411_035805
CS,823,OW,925,AssaultCube,278,Xonotic,303,Modified_AssaultCube,0,Modified_Xonotic,0,20240411_035825
CS,823,OW,925,AssaultCube,278,Xonotic,303,Modified_AssaultCube,0,Modified_Xonotic,0,20240411_035845
CS,832,OW,925,AssaultCube,278,Xonotic,303,Modified_AssaultCube,0,Modified_Xonotic,0,20240411_035905
CS,852,OW,927,AssaultCube,278,Xonotic,303,Modified_AssaultCube,0,Modified_Xonotic,0,20240411_035925
CS,852,OW,985,AssaultCube,278,Xonotic,303,Modified_AssaultCube,0,Modified_Xonotic,0,20240411_035945
CS,852,OW,995,AssaultCube,278,Xonotic,303,Modified_AssaultCube,0,Modified_Xonotic,0,20240411_040005
CS,852,OW,995,AssaultCube,279,Xonotic,303,Modified_AssaultCube,0,Modified_Xonotic,0,20240411_040025
CS,852,OW,995,AssaultCube,281,Xonotic,305,Modified_AssaultCube,0,Modified_Xonotic,0,20240411_040045
CS,866,OW,995,AssaultCube,281,Xonotic,307,Modified_AssaultCube,0,Modified_Xonotic,0,20240411_040105
CS,877,OW,995,AssaultCube,281,Xonotic,307,Modified_AssaultCube,0,Modified_Xonotic,0,20240411_040125
CS,877,OW,995,AssaultCube,281,Xonotic,307,Modified_AssaultCube,0,Modified_Xonotic,0,20240411_040145
CS,877,OW,996,AssaultCube,282,Xonotic,307,Modified_AssaultCube,0,Modified_Xonotic,0,20240411_040205
CS,892,OW,996,AssaultCube,282,Xonotic,307,Modified_AssaultCube,0,Modified_Xonotic,0,20240411_040225
CS,892,OW,996,AssaultCube,301,Xonotic,307,Modified_AssaultCube,0,Modified_Xonotic,0,20240411_040245
CS,898,OW,996,AssaultCube,304,Xonotic,307,Modified_AssaultCube,0,Modified_Xonotic,0,20240411_040305
CS,898,OW,996,AssaultCube,304,Xonotic,307,Modified_AssaultCube,0,Modified_Xonotic,0,20240411_040325
CS,920,OW,996,AssaultCube,304,Xonotic,307,Modified_AssaultCube,0,Modified_Xonotic,0,20240411_040345
CS,920,OW,997,AssaultCube,304,Xonotic,307,Modified_AssaultCube,0,Modified_Xonotic,0,20240411_040405
CS,945,OW,997,AssaultCube,304,Xonotic,309,Modified_AssaultCube,0,Modified_Xonotic,0,20240411_040425
CS,950,OW,1001,AssaultCube,304,Xonotic,309,Modified_AssaultCube,0,Modified_Xonotic,0,20240411_040445
CS,951,OW,1001,AssaultCube,304,Xonotic,319,Modified_AssaultCube,0,Modified_Xonotic,0,20240411_040505
CS,951,OW,1016,AssaultCube,304,Xonotic,319,Modified_AssaultCube,0,Modified_Xonotic,0,20240411_040525
CS,955,OW,1016,AssaultCube,304,Xonotic,320,Modified_AssaultCube,0,Modified_Xonotic,0,20240411_040545
CS,956,OW,1016,AssaultCube,304,Xonotic,320,Modified_AssaultCube,0,Modified_Xonotic,0,20240411_040605
CS,956,OW,1016,AssaultCube,306,Xonotic,320,Modified_AssaultCube,0,Modified_Xonotic,0,20240411_040625
CS,956,OW,1016,AssaultCube,309,Xonotic,320,Modified_AssaultCube,0,Modified_Xonotic,0,20240411_040645
CS,956,OW,1016,AssaultCube,309,Xonotic,320,Modified_AssaultCube,0,Modified_Xonotic,0,20240411_040705
CS,956,OW,1016,AssaultCube,309,Xonotic,320,Modified_AssaultCube,0,Modified_Xonotic,0,20240411_040725
CS,956,OW,1016,AssaultCube,315,Xonotic,320,Modified_AssaultCube,0,Modified_Xonotic,0,20240411_040745
CS,961,OW,1016,AssaultCube,315,Xonotic,320,Modified_AssaultCube,0,Modified_Xonotic,0,20240411_040805
CS,961,OW,1016,AssaultCube,315,Xonotic,320,Modified_AssaultCube,0,Modified_Xonotic,0,20240411_040825
CS,961,OW,1017,AssaultCube,315,Xonotic,320,Modified_AssaultCube,0,Modified_Xonotic,0,20240411_040845
CS,961,OW,1017,AssaultCube,315,Xonotic,327,Modified_AssaultCube,0,Modified_Xonotic,0,20240411_040905
CS,961,OW,1017,AssaultCube,315,Xonotic,351,Modified_AssaultCube,0,Modified_Xonotic,0,20240411_040925
CS,961,OW,1017,AssaultCube,347,Xonotic,351,Modified_AssaultCube,0,Modified_Xonotic,0,20240411_040945
CS,961,OW,1017,AssaultCube,349,Xonotic,351,Modified_AssaultCube,0,Modified_Xonotic,0,20240411_041005
CS,961,OW,1036,AssaultCube,349,Xonotic,351,Modified_AssaultCube,0,Modified_Xonotic,0,20240411_041025
CS,961,OW,1036,AssaultCube,349,Xonotic,351,Modified_AssaultCube,0,Modified_Xonotic,0,20240411_041045
CS,961,OW,1040,AssaultCube,349,Xonotic,351,Modified_AssaultCube,0,Modified_Xonotic,0,20240411_041105
CS,961,OW,1040,AssaultCube,349,Xonotic,351,Modified_AssaultCube,0,Modified_Xonotic,0,20240411_041125
CS,961,OW,1040,AssaultCube,349,Xonotic,353,Modified_AssaultCube,0,Modified_Xonotic,0,20240411_041145
CS,961,OW,1040,AssaultCube,349,Xonotic,353,Modified_AssaultCube,0,Modified_Xonotic,0,20240411_041205
CS,961,OW,1040,AssaultCube,349,Xonotic,354,Modified_AssaultCube,0,Modified_Xonotic,0,20240411_041225
CS,961,OW,1040,AssaultCube,366,Xonotic,354,Modified_AssaultCube,0,Modified_Xonotic,0,20240411_041245
CS,961,OW,1042,AssaultCube,378,Xonotic,354,Modified_AssaultCube,0,Modified_Xonotic,0,20240411_041305
CS,961,OW,1044,AssaultCube,378,Xonotic,354,Modified_AssaultCube,0,Modified_Xonotic,0,20240411_041325
CS,985,OW,1044,AssaultCube,378,Xonotic,354,Modified_AssaultCube,0,Modified_Xonotic,0,20240411_041345
CS,985,OW,1044,AssaultCube,380,Xonotic,354,Modified_AssaultCube,0,Modified_Xonotic,0,20240411_041405
CS,1006,OW,1044,AssaultCube,380,Xonotic,354,Modified_AssaultCube,0,Modified_Xonotic,0,20240411_041425
CS,1017,OW,1048,AssaultCube,380,Xonotic,354,Modified_AssaultCube,0,Modified_Xonotic,0,20240411_041445
CS,1017,OW,1052,AssaultCube,380,Xonotic,354,Modified_AssaultCube,0,Modified_Xonotic,0,20240411_041505
CS,1025,OW,1067,AssaultCube,380,Xonotic,354,Modified_AssaultCube,0,Modified_Xonotic,0,20240411_041525
CS,1025,OW,1082,AssaultCube,380,Xonotic,354,Modified_AssaultCube,0,Modified_Xonotic,0,20240411_041545
CS,1025,OW,1082,AssaultCube,380,Xonotic,365,Modified_AssaultCube,0,Modified_Xonotic,0,20240411_041605
CS,1025,OW,1082,AssaultCube,380,Xonotic,365,Modified_AssaultCube,0,Modified_Xonotic,0,20240411_041625
CS,1025,OW,1082,AssaultCube,380,Xonotic,365,Modified_AssaultCube,0,Modified_Xonotic,0,20240411_041645
CS,1031,OW,1082,AssaultCube,380,Xonotic,365,Modified_AssaultCube,0,Modified_Xonotic,0,20240411_041705
CS,1031,OW,1103,AssaultCube,381,Xonotic,365,Modified_AssaultCube,0,Modified_Xonotic,0,20240411_041725
CS,1032,OW,1103,AssaultCube,390,Xonotic,365,Modified_AssaultCube,0,Modified_Xonotic,0,20240411_041745
CS,1032,OW,1104,AssaultCube,390,Xonotic,365,Modified_AssaultCube,0,Modified_Xonotic,0,20240411_041805
CS,1038,OW,1104,AssaultCube,392,Xonotic,365,Modified_AssaultCube,0,Modified_Xonotic,0,20240411_041825
CS,1047,OW,1104,AssaultCube,392,Xonotic,365,Modified_AssaultCube,0,Modified_Xonotic,0,20240411_041845
CS,1049,OW,1104,AssaultCube,392,Xonotic,365,Modified_AssaultCube,0,Modified_Xonotic,0,20240411_041905
CS,1049,OW,1104,AssaultCube,393,Xonotic,365,Modified_AssaultCube,0,Modified_Xonotic,0,20240411_041925
CS,1049,OW,1104,AssaultCube,393,Xonotic,365,Modified_AssaultCube,0,Modified_Xonotic,0,20240411_041945
CS,1049,OW,1104,AssaultCube,394,Xonotic,366,Modified_AssaultCube,0,Modified_Xonotic,0,20240411_042005
CS,1049,OW,1106,AssaultCube,394,Xonotic,367,Modified_AssaultCube,0,Modified_Xonotic,0,20240411_042025
CS,1049,OW,1106,AssaultCube,394,Xonotic,367,Modified_AssaultCube,0,Modified_Xonotic,0,20240411_042045
CS,1051,OW,1106,AssaultCube,394,Xonotic,367,Modified_AssaultCube,0,Modified_Xonotic,0,20240411_042105
CS,1051,OW,1106,AssaultCube,394,Xonotic,371,Modified_AssaultCube,0,Modified_Xonotic,0,20240411_042125
CS,1052,OW,1106,AssaultCube,395,Xonotic,372,Modified_AssaultCube,0,Modified_Xonotic,0,20240411_042145
CS,1052,OW,1106,AssaultCube,405,Xonotic,372,Modified_AssaultCube,0,Modified_Xonotic,0,20240411_042205
CS,1059,OW,1106,AssaultCube,405,Xonotic,372,Modified_AssaultCube,0,Modified_Xonotic,0,20240411_042225
CS,1059,OW,1106,AssaultCube,405,Xonotic,372,Modified_AssaultCube,0,Modified_Xonotic,0,20240411_042245
CS,1059,OW,1142,AssaultCube,405,Xonotic,372,Modified_AssaultCube,0,Modified_Xonotic,0,20240411_042305
CS,1065,OW,1142,AssaultCube,415,Xonotic,372,Modified_AssaultCube,0,Modified_Xonotic,0,20240411_042326
CS,1065,OW,1142,AssaultCube,417,Xonotic,372,Modified_AssaultCube,0,Modified_Xonotic,0,20240411_042346
CS,1065,OW,1142,AssaultCube,418,Xonotic,372,Modified_AssaultCube,0,Modified_Xonotic,0,20240411_042406
CS,1065,OW,1142,AssaultCube,418,Xonotic,373,Modified_AssaultCube,0,Modified_Xonotic,0,20240411_042426
CS,1065,OW,1155,AssaultCube,418,Xonotic,373,Modified_AssaultCube,0,Modified_Xonotic,0,20240411_042446
CS,1068,OW,1155,AssaultCube,418,Xonotic,374,Modified_AssaultCube,0,Modified_Xonotic,0,20240411_042506
CS,1072,OW,1176,AssaultCube,418,Xonotic,374,Modified_AssaultCube,0,Modified_Xonotic,0,20240411_042526
CS,1078,OW,1177,AssaultCube,419,Xonotic,374,Modified_AssaultCube,0,Modified_Xonotic,0,20240411_042546
CS,1096,OW,1180,AssaultCube,419,Xonotic,374,Modified_AssaultCube,0,Modified_Xonotic,0,20240411_042606
CS,1096,OW,1181,AssaultCube,422,Xonotic,374,Modified_AssaultCube,0,Modified_Xonotic,0,20240411_042626
CS,1099,OW,1191,AssaultCube,422,Xonotic,374,Modified_AssaultCube,0,Modified_Xonotic,0,20240411_042646
CS,1099,OW,1227,AssaultCube,422,Xonotic,374,Modified_AssaultCube,0,Modified_Xonotic,0,20240411_042706
CS,1099,OW,1227,AssaultCube,425,Xonotic,374,Modified_AssaultCube,0,Modified_Xonotic,0,20240411_042726
CS,1099,OW,1227,AssaultCube,425,Xonotic,374,Modified_AssaultCube,0,Modified_Xonotic,0,20240411_042746
CS,1099,OW,1228,AssaultCube,425,Xonotic,391,Modified_AssaultCube,0,Modified_Xonotic,0,20240411_042806
CS,1099,OW,1228,AssaultCube,432,Xonotic,391,Modified_AssaultCube,0,Modified_Xonotic,0,20240411_042826
CS,1099,OW,1230,AssaultCube,438,Xonotic,391,Modified_AssaultCube,0,Modified_Xonotic,0,20240411_042846
CS,1099,OW,1230,AssaultCube,438,Xonotic,391,Modified_AssaultCube,0,Modified_Xonotic,0,20240411_042906
CS,1099,OW,1235,AssaultCube,438,Xonotic,391,Modified_AssaultCube,0,Modified_Xonotic,0,20240411_042926
CS,1099,OW,1235,AssaultCube,443,Xonotic,391,Modified_AssaultCube,0,Modified_Xonotic,0,20240411_042946
CS,1099,OW,1235,AssaultCube,443,Xonotic,391,Modified_AssaultCube,0,Modified_Xonotic,0,20240411_043006
CS,1099,OW,1235,AssaultCube,443,Xonotic,391,Modified_AssaultCube,0,Modified_Xonotic,0,20240411_043026
CS,1099,OW,1257,AssaultCube,443,Xonotic,391,Modified_AssaultCube,0,Modified_Xonotic,0,20240411_043046
CS,1099,OW,1258,AssaultCube,443,Xonotic,391,Modified_AssaultCube,0,Modified_Xonotic,0,20240411_043106
CS,1101,OW,1258,AssaultCube,443,Xonotic,391,Modified_AssaultCube,0,Modified_Xonotic,0,20240411_043126
CS,1103,OW,1258,AssaultCube,445,Xonotic,391,Modified_AssaultCube,0,Modified_Xonotic,0,20240411_043146
CS,1103,OW,1258,AssaultCube,445,Xonotic,391,Modified_AssaultCube,0,Modified_Xonotic,0,20240411_043206
CS,1103,OW,1258,AssaultCube,445,Xonotic,391,Modified_AssaultCube,0,Modified_Xonotic,0,20240411_043226
CS,1108,OW,1258,AssaultCube,445,Xonotic,391,Modified_AssaultCube,0,Modified_Xonotic,0,20240411_043246
CS,1108,OW,1258,AssaultCube,445,Xonotic,393,Modified_AssaultCube,0,Modified_Xonotic,0,20240411_043306
CS,1116,OW,1258,AssaultCube,445,Xonotic,393,Modified_AssaultCube,0,Modified_Xonotic,0,20240411_043326
CS,1128,OW,1258,AssaultCube,458,Xonotic,393,Modified_AssaultCube,0,Modified_Xonotic,0,20240411_043346
CS,1128,OW,1258,AssaultCube,472,Xonotic,393,Modified_AssaultCube,0,Modified_Xonotic,0,20240411_043406
CS,1128,OW,1258,AssaultCube,472,Xonotic,393,Modified_AssaultCube,0,Modified_Xonotic,0,20240411_043426
CS,1128,OW,1258,AssaultCube,472,Xonotic,393,Modified_AssaultCube,0,Modified_Xonotic,0,20240411_043446
CS,1130,OW,1258,AssaultCube,472,Xonotic,393,Modified_AssaultCube,0,Modified_Xonotic,0,20240411_043506
CS,1130,OW,1258,AssaultCube,472,Xonotic,393,Modified_AssaultCube,0,Modified_Xonotic,0,20240411_043526
CS,1150,OW,1258,AssaultCube,473,Xonotic,393,Modified_AssaultCube,0,Modified_Xonotic,0,20240411_043546
CS,1150,OW,1258,AssaultCube,509,Xonotic,393,Modified_AssaultCube,0,Modified_Xonotic,0,20240411_043606
CS,1159,OW,1258,AssaultCube,513,Xonotic,393,Modified_AssaultCube,0,Modified_Xonotic,0,20240411_043626
CS,1162,OW,1258,AssaultCube,521,Xonotic,393,Modified_AssaultCube,0,Modified_Xonotic,0,20240411_043646
CS,1162,OW,1258,AssaultCube,533,Xonotic,393,Modified_AssaultCube,0,Modified_Xonotic,0,20240411_043706
CS,1162,OW,1262,AssaultCube,533,Xonotic,395,Modified_AssaultCube,0,Modified_Xonotic,0,20240411_043726
CS,1167,OW,1262,AssaultCube,533,Xonotic,404,Modified_AssaultCube,0,Modified_Xonotic,0,20240411_043746
CS,1167,OW,1264,AssaultCube,533,Xonotic,404,Modified_AssaultCube,0,Modified_Xonotic,0,20240411_043806
CS,1181,OW,1264,AssaultCube,533,Xonotic,406,Modified_AssaultCube,0,Modified_Xonotic,0,20240411_043826
CS,1181,OW,1281,AssaultCube,533,Xonotic,406,Modified_AssaultCube,0,Modified_Xonotic,0,20240411_043846
CS,1198,OW,1281,AssaultCube,533,Xonotic,410,Modified_AssaultCube,0,Modified_Xonotic,0,20240411_043906
CS,1198,OW,1285,AssaultCube,544,Xonotic,410,Modified_AssaultCube,0,Modified_Xonotic,0,20240411_043926
CS,1198,OW,1285,AssaultCube,548,Xonotic,410,Modified_AssaultCube,0,Modified_Xonotic,0,20240411_043946
CS,1198,OW,1331,AssaultCube,548,Xonotic,410,Modified_AssaultCube,0,Modified_Xonotic,0,20240411_044006
CS,1203,OW,1332,AssaultCube,548,Xonotic,410,Modified_AssaultCube,0,Modified_Xonotic,0,20240411_044026
CS,1203,OW,1342,AssaultCube,548,Xonotic,410,Modified_AssaultCube,0,Modified_Xonotic,0,20240411_044046
CS,1203,OW,1342,AssaultCube,548,Xonotic,414,Modified_AssaultCube,0,Modified_Xonotic,0,20240411_044106
CS,1203,OW,1345,AssaultCube,548,Xonotic,414,Modified_AssaultCube,0,Modified_Xonotic,0,20240411_044126
CS,1203,OW,1345,AssaultCube,548,Xonotic,431,Modified_AssaultCube,0,Modified_Xonotic,0,20240411_044146
CS,1203,OW,1349,AssaultCube,548,Xonotic,431,Modified_AssaultCube,0,Modified_Xonotic,0,20240411_044206
CS,1203,OW,1349,AssaultCube,558,Xonotic,434,Modified_AssaultCube,0,Modified_Xonotic,0,20240411_044226
CS,1203,OW,1357,AssaultCube,558,Xonotic,434,Modified_AssaultCube,0,Modified_Xonotic,0,20240411_044246
CS,1203,OW,1357,AssaultCube,558,Xonotic,437,Modified_AssaultCube,0,Modified_Xonotic,0,20240411_044306
CS,1203,OW,1357,AssaultCube,558,Xonotic,446,Modified_AssaultCube,0,Modified_Xonotic,0,20240411_044326
CS,1203,OW,1359,AssaultCube,558,Xonotic,446,Modified_AssaultCube,0,Modified_Xonotic,0,20240411_044346
CS,1203,OW,1376,AssaultCube,558,Xonotic,446,Modified_AssaultCube,0,Modified_Xonotic,0,20240411_044406
CS,1203,OW,1383,AssaultCube,559,Xonotic,446,Modified_AssaultCube,0,Modified_Xonotic,0,20240411_044426
CS,1203,OW,1388,AssaultCube,559,Xonotic,446,Modified_AssaultCube,0,Modified_Xonotic,0,20240411_044446
CS,1203,OW,1409,AssaultCube,559,Xonotic,447,Modified_AssaultCube,0,Modified_Xonotic,0,20240411_044506
CS,1203,OW,1409,AssaultCube,563,Xonotic,447,Modified_AssaultCube,0,Modified_Xonotic,0,20240411_044526
CS,1203,OW,1411,AssaultCube,563,Xonotic,451,Modified_AssaultCube,0,Modified_Xonotic,0,20240411_044546
CS,1211,OW,1411,AssaultCube,563,Xonotic,451,Modified_AssaultCube,0,Modified_Xonotic,0,20240411_044606
CS,1211,OW,1411,AssaultCube,567,Xonotic,451,Modified_AssaultCube,0,Modified_Xonotic,0,20240411_044626
CS,1211,OW,1418,AssaultCube,567,Xonotic,451,Modified_AssaultCube,0,Modified_Xonotic,0,20240411_044646
CS,1219,OW,1418,AssaultCube,569,Xonotic,451,Modified_AssaultCube,0,Modified_Xonotic,0,20240411_044706
CS,1219,OW,1418,AssaultCube,616,Xonotic,451,Modified_AssaultCube,0,Modified_Xonotic,0,20240411_044726
CS,1223,OW,1429,AssaultCube,619,Xonotic,451,Modified_AssaultCube,0,Modified_Xonotic,0,20240411_044746
CS,1223,OW,1442,AssaultCube,619,Xonotic,451,Modified_AssaultCube,0,Modified_Xonotic,0,20240411_044806
CS,1237,OW,1442,AssaultCube,619,Xonotic,451,Modified_AssaultCube,0,Modified_Xonotic,0,20240411_044826
CS,1237,OW,1451,AssaultCube,619,Xonotic,451,Modified_AssaultCube,0,Modified_Xonotic,0,20240411_044846
CS,1238,OW,1451,AssaultCube,619,Xonotic,451,Modified_AssaultCube,0,Modified_Xonotic,0,20240411_044906
CS,1238,OW,1451,AssaultCube,635,Xonotic,451,Modified_AssaultCube,0,Modified_Xonotic,0,20240411_044926
CS,1255,OW,1451,AssaultCube,635,Xonotic,451,Modified_AssaultCube,0,Modified_Xonotic,0,20240411_044946
CS,1278,OW,1451,AssaultCube,635,Xonotic,451,Modified_AssaultCube,0,Modified_Xonotic,0,20240411_045006
CS,1278,OW,1451,AssaultCube,635,Xonotic,451,Modified_AssaultCube,0,Modified_Xonotic,0,20240411_045026
CS,1296,OW,1451,AssaultCube,635,Xonotic,451,Modified_AssaultCube,0,Modified_Xonotic,0,20240411_045046
CS,1296,OW,1451,AssaultCube,635,Xonotic,452,Modified_AssaultCube,0,Modified_Xonotic,0,20240411_045106
CS,1316,OW,1451,AssaultCube,635,Xonotic,452,Modified_AssaultCube,0,Modified_Xonotic,0,20240411_045126
CS,1316,OW,1463,AssaultCube,635,Xonotic,452,Modified_AssaultCube,0,Modified_Xonotic,0,20240411_045146
CS,1319,OW,1463,AssaultCube,635,Xonotic,452,Modified_AssaultCube,0,Modified_Xonotic,0,20240411_045206
CS,1319,OW,1464,AssaultCube,635,Xonotic,452,Modified_AssaultCube,0,Modified_Xonotic,0,20240411_045226
CS,1319,OW,1482,AssaultCube,635,Xonotic,452,Modified_AssaultCube,0,Modified_Xonotic,0,20240411_045246
CS,1319,OW,1482,AssaultCube,635,Xonotic,462,Modified_AssaultCube,0,Modified_Xonotic,0,20240411_045306
CS,1319,OW,1482,AssaultCube,635,Xonotic,481,Modified_AssaultCube,0,Modified_Xonotic,0,20240411_045326
CS,1319,OW,1482,AssaultCube,635,Xonotic,485,Modified_AssaultCube,0,Modified_Xonotic,0,20240411_045346
CS,1328,OW,1482,AssaultCube,635,Xonotic,488,Modified_AssaultCube,0,Modified_Xonotic,0,20240411_045406
CS,1349,OW,1482,AssaultCube,635,Xonotic,488,Modified_AssaultCube,0,Modified_Xonotic,0,20240411_045426
CS,1349,OW,1482,AssaultCube,644,Xonotic,488,Modified_AssaultCube,0,Modified_Xonotic,0,20240411_045446
CS,1350,OW,1482,AssaultCube,644,Xonotic,488,Modified_AssaultCube,0,Modified_Xonotic,0,20240411_045506
CS,1350,OW,1498,AssaultCube,644,Xonotic,490,Modified_AssaultCube,0,Modified_Xonotic,0,20240411_045526
CS,1350,OW,1498,AssaultCube,644,Xonotic,510,Modified_AssaultCube,0,Modified_Xonotic,0,20240411_045546
CS,1350,OW,1499,AssaultCube,651,Xonotic,510,Modified_AssaultCube,0,Modified_Xonotic,0,20240411_045606
CS,1359,OW,1499,AssaultCube,658,Xonotic,510,Modified_AssaultCube,0,Modified_Xonotic,0,20240411_045626
CS,1406,OW,1499,AssaultCube,658,Xonotic,510,Modified_AssaultCube,0,Modified_Xonotic,0,20240411_045646
CS,1406,OW,1499,AssaultCube,659,Xonotic,510,Modified_AssaultCube,0,Modified_Xonotic,0,20240411_045706
CS,1406,OW,1499,AssaultCube,659,Xonotic,510,Modified_AssaultCube,0,Modified_Xonotic,0,20240411_045726
CS,1406,OW,1499,AssaultCube,659,Xonotic,510,Modified_AssaultCube,0,Modified_Xonotic,0,20240411_045746
CS,1406,OW,1499,AssaultCube,660,Xonotic,510,Modified_AssaultCube,0,Modified_Xonotic,0,20240411_045806
CS,1406,OW,1499,AssaultCube,660,Xonotic,510,Modified_AssaultCube,0,Modified_Xonotic,0,20240411_045826
CS,1406,OW,1499,AssaultCube,660,Xonotic,510,Modified_AssaultCube,0,Modified_Xonotic,0,20240411_045846
CS,1406,OW,1499,AssaultCube,660,Xonotic,510,Modified_AssaultCube,0,Modified_Xonotic,0,20240411_045906
CS,1414,OW,1499,AssaultCube,660,Xonotic,510,Modified_AssaultCube,0,Modified_Xonotic,0,20240411_045926
CS,1414,OW,1512,AssaultCube,660,Xonotic,512,Modified_AssaultCube,0,Modified_Xonotic,0,20240411_045946
CS,1414,OW,1513,AssaultCube,660,Xonotic,513,Modified_AssaultCube,0,Modified_Xonotic,0,20240411_050006
CS,1414,OW,1513,AssaultCube,660,Xonotic,525,Modified_AssaultCube,0,Modified_Xonotic,0,20240411_050026
CS,1414,OW,1513,AssaultCube,671,Xonotic,526,Modified_AssaultCube,0,Modified_Xonotic,0,20240411_050046
CS,1427,OW,1513,AssaultCube,671,Xonotic,528,Modified_AssaultCube,0,Modified_Xonotic,0,20240411_050106
CS,1427,OW,1515,AssaultCube,671,Xonotic,528,Modified_AssaultCube,0,Modified_Xonotic,0,20240411_050126
CS,1427,OW,1517,AssaultCube,671,Xonotic,528,Modified_AssaultCube,0,Modified_Xonotic,0,20240411_050146
CS,1427,OW,1553,AssaultCube,671,Xonotic,528,Modified_AssaultCube,0,Modified_Xonotic,0,20240411_050206
CS,1429,OW,1553,AssaultCube,671,Xonotic,528,Modified_AssaultCube,0,Modified_Xonotic,0,20240411_050226
CS,1429,OW,1577,AssaultCube,671,Xonotic,528,Modified_AssaultCube,0,Modified_Xonotic,0,20240411_050246
CS,1429,OW,1577,AssaultCube,671,Xonotic,533,Modified_AssaultCube,0,Modified_Xonotic,0,20240411_050306
CS,1429,OW,1579,AssaultCube,671,Xonotic,536,Modified_AssaultCube,0,Modified_Xonotic,0,20240411_050326
CS,1429,OW,1579,AssaultCube,671,Xonotic,540,Modified_AssaultCube,0,Modified_Xonotic,0,20240411_050346
CS,1429,OW,1622,AssaultCube,671,Xonotic,540,Modified_AssaultCube,0,Modified_Xonotic,0,20240411_050406
CS,1434,OW,1650,AssaultCube,671,Xonotic,540,Modified_AssaultCube,0,Modified_Xonotic,0,20240411_050426
CS,1434,OW,1650,AssaultCube,690,Xonotic,540,Modified_AssaultCube,0,Modified_Xonotic,0,20240411_050446
CS,1434,OW,1650,AssaultCube,692,Xonotic,544,Modified_AssaultCube,0,Modified_Xonotic,0,20240411_050506
CS,1434,OW,1650,AssaultCube,692,Xonotic,544,Modified_AssaultCube,0,Modified_Xonotic,0,20240411_050526
CS,1459,OW,1650,AssaultCube,692,Xonotic,544,Modified_AssaultCube,0,Modified_Xonotic,0,20240411_050546
CS,1466,OW,1650,AssaultCube,692,Xonotic,544,Modified_AssaultCube,0,Modified_Xonotic,0,20240411_050606
CS,1466,OW,1650,AssaultCube,692,Xonotic,544,Modified_AssaultCube,0,Modified_Xonotic,0,20240411_050626
CS,1466,OW,1653,AssaultCube,692,Xonotic,544,Modified_AssaultCube,0,Modified_Xonotic,0,20240411_050646
CS,1466,OW,1653,AssaultCube,692,Xonotic,544,Modified_AssaultCube,0,Modified_Xonotic,0,20240411_050706
CS,1466,OW,1653,AssaultCube,692,Xonotic,545,Modified_AssaultCube,0,Modified_Xonotic,0,20240411_050726
CS,1466,OW,1676,AssaultCube,692,Xonotic,545,Modified_AssaultCube,0,Modified_Xonotic,0,20240411_050746
CS,1466,OW,1678,AssaultCube,692,Xonotic,545,Modified_AssaultCube,0,Modified_Xonotic,0,20240411_050806
CS,1470,OW,1689,AssaultCube,692,Xonotic,545,Modified_AssaultCube,0,Modified_Xonotic,0,20240411_050826
CS,1470,OW,1701,AssaultCube,692,Xonotic,545,Modified_AssaultCube,0,Modified_Xonotic,0,20240411_050846
CS,1493,OW,1701,AssaultCube,692,Xonotic,545,Modified_AssaultCube,0,Modified_Xonotic,0,20240411_050906
CS,1494,OW,1701,AssaultCube,692,Xonotic,545,Modified_AssaultCube,0,Modified_Xonotic,0,20240411_050926
CS,1497,OW,1701,AssaultCube,692,Xonotic,545,Modified_AssaultCube,0,Modified_Xonotic,0,20240411_050946
CS,1497,OW,1701,AssaultCube,692,Xonotic,545,Modified_AssaultCube,0,Modified_Xonotic,0,20240411_051006
CS,1498,OW,1701,AssaultCube,692,Xonotic,545,Modified_AssaultCube,0,Modified_Xonotic,0,20240411_051026
CS,1498,OW,1715,AssaultCube,692,Xonotic,545,Modified_AssaultCube,0,Modified_Xonotic,0,20240411_051046
CS,1498,OW,1715,AssaultCube,693,Xonotic,545,Modified_AssaultCube,0,Modified_Xonotic,0,20240411_051106
CS,1498,OW,1732,AssaultCube,693,Xonotic,545,Modified_AssaultCube,0,Modified_Xonotic,0,20240411_051126
CS,1498,OW,1733,AssaultCube,693,Xonotic,546,Modified_AssaultCube,0,Modified_Xonotic,0,20240411_051146
CS,1498,OW,1746,AssaultCube,693,Xonotic,546,Modified_AssaultCube,0,Modified_Xonotic,0,20240411_051206
CS,1498,OW,1752,AssaultCube,693,Xonotic,546,Modified_AssaultCube,0,Modified_Xonotic,0,20240411_051226
CS,1498,OW,1760,AssaultCube,693,Xonotic,546,Modified_AssaultCube,0,Modified_Xonotic,0,20240411_051246
CS,1498,OW,1786,AssaultCube,693,Xonotic,546,Modified_AssaultCube,0,Modified_Xonotic,0,20240411_051306
CS,1499,OW,1786,AssaultCube,693,Xonotic,546,Modified_AssaultCube,0,Modified_Xonotic,0,20240411_051326
CS,1500,OW,1786,AssaultCube,693,Xonotic,546,Modified_AssaultCube,0,Modified_Xonotic,0,20240411_051346
CS,1507,OW,1787,AssaultCube,693,Xonotic,546,Modified_AssaultCube,0,Modified_Xonotic,0,20240411_051406
CS,1507,OW,1791,AssaultCube,693,Xonotic,546,Modified_AssaultCube,0,Modified_Xonotic,0,20240411_051426
CS,1515,OW,1791,AssaultCube,693,Xonotic,546,Modified_AssaultCube,0,Modified_Xonotic,0,20240411_051446
CS,1515,OW,1792,AssaultCube,693,Xonotic,547,Modified_AssaultCube,0,Modified_Xonotic,0,20240411_051506
CS,1525,OW,1797,AssaultCube,693,Xonotic,547,Modified_AssaultCube,0,Modified_Xonotic,0,20240411_051526
CS,1525,OW,1811,AssaultCube,693,Xonotic,547,Modified_AssaultCube,0,Modified_Xonotic,0,20240411_051546
CS,1529,OW,1811,AssaultCube,693,Xonotic,547,Modified_AssaultCube,0,Modified_Xonotic,0,20240411_051606
CS,1529,OW,1821,AssaultCube,693,Xonotic,547,Modified_AssaultCube,0,Modified_Xonotic,0,20240411_051626
CS,1529,OW,1821,AssaultCube,693,Xonotic,547,Modified_AssaultCube,0,Modified_Xonotic,0,20240411_051646
CS,1529,OW,1822,AssaultCube,693,Xonotic,547,Modified_AssaultCube,0,Modified_Xonotic,0,20240411_051706
CS,1529,OW,1822,AssaultCube,693,Xonotic,547,Modified_AssaultCube,0,Modified_Xonotic,0,20240411_051726
CS,1563,OW,1822,AssaultCube,693,Xonotic,547,Modified_AssaultCube,0,Modified_Xonotic,0,20240411_051746
CS,1565,OW,1838,AssaultCube,693,Xonotic,547,Modified_AssaultCube,0,Modified_Xonotic,0,20240411_051806
CS,1567,OW,1838,AssaultCube,693,Xonotic,547,Modified_AssaultCube,0,Modified_Xonotic,0,20240411_051826
CS,1567,OW,1840,AssaultCube,693,Xonotic,547,Modified_AssaultCube,0,Modified_Xonotic,0,20240411_051846
CS,1567,OW,1840,AssaultCube,693,Xonotic,547,Modified_AssaultCube,0,Modified_Xonotic,0,20240411_051906
CS,1574,OW,1848,AssaultCube,693,Xonotic,547,Modified_AssaultCube,0,Modified_Xonotic,0,20240411_051926
CS,1574,OW,1868,AssaultCube,693,Xonotic,547,Modified_AssaultCube,0,Modified_Xonotic,0,20240411_051946
CS,1575,OW,1868,AssaultCube,693,Xonotic,547,Modified_AssaultCube,0,Modified_Xonotic,0,20240411_052006
CS,1575,OW,1886,AssaultCube,693,Xonotic,547,Modified_AssaultCube,0,Modified_Xonotic,0,20240411_052026
CS,1575,OW,1886,AssaultCube,693,Xonotic,547,Modified_AssaultCube,0,Modified_Xonotic,0,20240411_052046
CS,1580,OW,1886,AssaultCube,693,Xonotic,547,Modified_AssaultCube,0,Modified_Xonotic,0,20240411_052106
CS,1581,OW,1887,AssaultCube,693,Xonotic,547,Modified_AssaultCube,0,Modified_Xonotic,0,20240411_052126
CS,1581,OW,1887,AssaultCube,693,Xonotic,547,Modified_AssaultCube,0,Modified_Xonotic,0,20240411_052146
CS,1581,OW,1887,AssaultCube,693,Xonotic,547,Modified_AssaultCube,0,Modified_Xonotic,0,20240411_052206
CS,1587,OW,1887,AssaultCube,693,Xonotic,547,Modified_AssaultCube,0,Modified_Xonotic,0,20240411_052226
CS,1587,OW,1922,AssaultCube,693,Xonotic,547,Modified_AssaultCube,0,Modified_Xonotic,0,20240411_052246
CS,1591,OW,1922,AssaultCube,693,Xonotic,547,Modified_AssaultCube,0,Modified_Xonotic,0,20240411_052306
CS,1591,OW,1922,AssaultCube,693,Xonotic,547,Modified_AssaultCube,0,Modified_Xonotic,0,20240411_052326
CS,1596,OW,1922,AssaultCube,693,Xonotic,547,Modified_AssaultCube,0,Modified_Xonotic,0,20240411_052346
CS,1596,OW,1922,AssaultCube,693,Xonotic,547,Modified_AssaultCube,0,Modified_Xonotic,0,20240411_052406
CS,1596,OW,1922,AssaultCube,693,Xonotic,547,Modified_AssaultCube,0,Modified_Xonotic,0,20240411_052426
CS,1596,OW,1922,AssaultCube,693,Xonotic,549,Modified_AssaultCube,0,Modified_Xonotic,0,20240411_052446
CS,1596,OW,1935,AssaultCube,693,Xonotic,549,Modified_AssaultCube,0,Modified_Xonotic,0,20240411_052506
CS,1610,OW,1935,AssaultCube,695,Xonotic,549,Modified_AssaultCube,0,Modified_Xonotic,0,20240411_052526
CS,1620,OW,1942,AssaultCube,695,Xonotic,549,Modified_AssaultCube,0,Modified_Xonotic,0,20240411_052546
CS,1620,OW,1942,AssaultCube,695,Xonotic,563,Modified_AssaultCube,0,Modified_Xonotic,0,20240411_052606
