CS,0,OW,0,AssaultCube,0,Xonotic,0,Modified_AssaultCube,0,Modified_Xonotic,0,20240418_184516
CS,0,OW,0,AssaultCube,0,Xonotic,0,Modified_AssaultCube,0,Modified_Xonotic,0,20240418_184536
CS,0,OW,0,AssaultCube,0,Xonotic,0,Modified_AssaultCube,0,Modified_Xonotic,0,20240418_184556
CS,0,OW,0,AssaultCube,0,Xonotic,0,Modified_AssaultCube,0,Modified_Xonotic,7,20240418_184616
CS,4,OW,0,AssaultCube,0,Xonotic,0,Modified_AssaultCube,0,Modified_Xonotic,7,20240418_184636
CS,38,OW,0,AssaultCube,0,Xonotic,0,Modified_AssaultCube,0,Modified_Xonotic,7,20240418_184656
CS,38,OW,5,AssaultCube,0,Xonotic,0,Modified_AssaultCube,0,Modified_Xonotic,7,20240418_184716
CS,39,OW,5,AssaultCube,0,Xonotic,0,Modified_AssaultCube,0,Modified_Xonotic,7,20240418_184736
CS,39,OW,5,AssaultCube,0,Xonotic,0,Modified_AssaultCube,0,Modified_Xonotic,7,20240418_184756
CS,41,OW,21,AssaultCube,0,Xonotic,0,Modified_AssaultCube,0,Modified_Xonotic,7,20240418_184816
CS,41,OW,50,AssaultCube,0,Xonotic,0,Modified_AssaultCube,0,Modified_Xonotic,10,20240418_184836
CS,41,OW,50,AssaultCube,0,Xonotic,0,Modified_AssaultCube,0,Modified_Xonotic,29,20240418_184856
CS,41,OW,50,AssaultCube,0,Xonotic,0,Modified_AssaultCube,0,Modified_Xonotic,35,20240418_184916
CS,41,OW,50,AssaultCube,0,Xonotic,0,Modified_AssaultCube,0,Modified_Xonotic,35,20240418_184936
CS,41,OW,50,AssaultCube,0,Xonotic,0,Modified_AssaultCube,0,Modified_Xonotic,35,20240418_184956
CS,41,OW,50,AssaultCube,0,Xonotic,0,Modified_AssaultCube,0,Modified_Xonotic,35,20240418_185016
CS,41,OW,50,AssaultCube,0,Xonotic,0,Modified_AssaultCube,0,Modified_Xonotic,35,20240418_185036
CS,41,OW,50,AssaultCube,0,Xonotic,0,Modified_AssaultCube,0,Modified_Xonotic,35,20240418_185056
CS,47,OW,50,AssaultCube,0,Xonotic,0,Modified_AssaultCube,0,Modified_Xonotic,35,20240418_185116
CS,47,OW,50,AssaultCube,0,Xonotic,0,Modified_AssaultCube,0,Modified_Xonotic,43,20240418_185136
CS,47,OW,53,AssaultCube,0,Xonotic,0,Modified_AssaultCube,0,Modified_Xonotic,45,20240418_185156
CS,47,OW,53,AssaultCube,0,Xonotic,0,Modified_AssaultCube,24,Modified_Xonotic,45,20240418_185216
CS,47,OW,61,AssaultCube,0,Xonotic,0,Modified_AssaultCube,27,Modified_Xonotic,45,20240418_185236
CS,47,OW,85,AssaultCube,0,Xonotic,0,Modified_AssaultCube,27,Modified_Xonotic,45,20240418_185256
CS,47,OW,85,AssaultCube,0,Xonotic,0,Modified_AssaultCube,27,Modified_Xonotic,70,20240418_185316
CS,57,OW,85,AssaultCube,0,Xonotic,0,Modified_AssaultCube,27,Modified_Xonotic,72,20240418_185336
CS,57,OW,85,AssaultCube,0,Xonotic,0,Modified_AssaultCube,27,Modified_Xonotic,72,20240418_185356
CS,57,OW,89,AssaultCube,0,Xonotic,0,Modified_AssaultCube,27,Modified_Xonotic,72,20240418_185416
CS,57,OW,90,AssaultCube,0,Xonotic,0,Modified_AssaultCube,27,Modified_Xonotic,72,20240418_185436
CS,57,OW,90,AssaultCube,0,Xonotic,0,Modified_AssaultCube,27,Modified_Xonotic,72,20240418_185456
CS,57,OW,90,AssaultCube,0,Xonotic,0,Modified_AssaultCube,27,Modified_Xonotic,72,20240418_185516
CS,57,OW,101,AssaultCube,0,Xonotic,0,Modified_AssaultCube,27,Modified_Xonotic,72,20240418_185536
CS,57,OW,153,AssaultCube,0,Xonotic,0,Modified_AssaultCube,27,Modified_Xonotic,72,20240418_185556
CS,57,OW,153,AssaultCube,0,Xonotic,0,Modified_AssaultCube,27,Modified_Xonotic,97,20240418_185616
CS,57,OW,161,AssaultCube,0,Xonotic,0,Modified_AssaultCube,27,Modified_Xonotic,110,20240418_185636
CS,57,OW,164,AssaultCube,0,Xonotic,0,Modified_AssaultCube,27,Modified_Xonotic,110,20240418_185656
CS,72,OW,164,AssaultCube,0,Xonotic,0,Modified_AssaultCube,27,Modified_Xonotic,110,20240418_185716
CS,72,OW,165,AssaultCube,0,Xonotic,0,Modified_AssaultCube,27,Modified_Xonotic,110,20240418_185736
CS,72,OW,165,AssaultCube,0,Xonotic,0,Modified_AssaultCube,27,Modified_Xonotic,115,20240418_185756
CS,77,OW,165,AssaultCube,0,Xonotic,0,Modified_AssaultCube,27,Modified_Xonotic,115,20240418_185816
CS,105,OW,166,AssaultCube,0,Xonotic,0,Modified_AssaultCube,27,Modified_Xonotic,115,20240418_185836
CS,105,OW,166,AssaultCube,0,Xonotic,0,Modified_AssaultCube,27,Modified_Xonotic,116,20240418_185856
CS,109,OW,174,AssaultCube,0,Xonotic,0,Modified_AssaultCube,27,Modified_Xonotic,124,20240418_185916
CS,109,OW,185,AssaultCube,0,Xonotic,0,Modified_AssaultCube,27,Modified_Xonotic,124,20240418_185936
CS,109,OW,190,AssaultCube,0,Xonotic,0,Modified_AssaultCube,27,Modified_Xonotic,131,20240418_185956
CS,109,OW,209,AssaultCube,0,Xonotic,0,Modified_AssaultCube,27,Modified_Xonotic,131,20240418_190016
CS,130,OW,209,AssaultCube,0,Xonotic,0,Modified_AssaultCube,27,Modified_Xonotic,131,20240418_190036
CS,131,OW,209,AssaultCube,0,Xonotic,0,Modified_AssaultCube,30,Modified_Xonotic,131,20240418_190056
CS,150,OW,209,AssaultCube,0,Xonotic,0,Modified_AssaultCube,30,Modified_Xonotic,131,20240418_190116
CS,206,OW,209,AssaultCube,0,Xonotic,0,Modified_AssaultCube,30,Modified_Xonotic,131,20240418_190136
CS,206,OW,249,AssaultCube,0,Xonotic,0,Modified_AssaultCube,30,Modified_Xonotic,131,20240418_190156
CS,206,OW,275,AssaultCube,0,Xonotic,0,Modified_AssaultCube,30,Modified_Xonotic,131,20240418_190216
CS,206,OW,275,AssaultCube,0,Xonotic,0,Modified_AssaultCube,30,Modified_Xonotic,131,20240418_190236
CS,206,OW,279,AssaultCube,0,Xonotic,0,Modified_AssaultCube,30,Modified_Xonotic,131,20240418_190256
CS,206,OW,279,AssaultCube,0,Xonotic,0,Modified_AssaultCube,66,Modified_Xonotic,131,20240418_190316
CS,206,OW,279,AssaultCube,0,Xonotic,0,Modified_AssaultCube,66,Modified_Xonotic,131,20240418_190336
CS,206,OW,279,AssaultCube,0,Xonotic,0,Modified_AssaultCube,67,Modified_Xonotic,131,20240418_190356
CS,206,OW,279,AssaultCube,0,Xonotic,0,Modified_AssaultCube,67,Modified_Xonotic,131,20240418_190416
CS,206,OW,279,AssaultCube,0,Xonotic,0,Modified_AssaultCube,67,Modified_Xonotic,131,20240418_190436
CS,206,OW,279,AssaultCube,0,Xonotic,0,Modified_AssaultCube,67,Modified_Xonotic,131,20240418_190456
CS,213,OW,279,AssaultCube,0,Xonotic,0,Modified_AssaultCube,67,Modified_Xonotic,131,20240418_190516
CS,213,OW,279,AssaultCube,0,Xonotic,0,Modified_AssaultCube,89,Modified_Xonotic,131,20240418_190536
CS,213,OW,279,AssaultCube,0,Xonotic,0,Modified_AssaultCube,92,Modified_Xonotic,131,20240418_190556
CS,213,OW,280,AssaultCube,0,Xonotic,0,Modified_AssaultCube,104,Modified_Xonotic,131,20240418_190616
CS,213,OW,281,AssaultCube,0,Xonotic,0,Modified_AssaultCube,114,Modified_Xonotic,131,20240418_190636
CS,213,OW,311,AssaultCube,0,Xonotic,0,Modified_AssaultCube,114,Modified_Xonotic,131,20240418_190656
CS,213,OW,311,AssaultCube,0,Xonotic,0,Modified_AssaultCube,114,Modified_Xonotic,136,20240418_190716
CS,213,OW,311,AssaultCube,0,Xonotic,0,Modified_AssaultCube,115,Modified_Xonotic,136,20240418_190736
CS,213,OW,311,AssaultCube,0,Xonotic,0,Modified_AssaultCube,115,Modified_Xonotic,136,20240418_190756
CS,213,OW,311,AssaultCube,0,Xonotic,0,Modified_AssaultCube,115,Modified_Xonotic,136,20240418_190816
CS,221,OW,311,AssaultCube,0,Xonotic,0,Modified_AssaultCube,115,Modified_Xonotic,136,20240418_190836
CS,221,OW,311,AssaultCube,0,Xonotic,0,Modified_AssaultCube,115,Modified_Xonotic,136,20240418_190856
CS,237,OW,311,AssaultCube,0,Xonotic,0,Modified_AssaultCube,115,Modified_Xonotic,136,20240418_190916
CS,256,OW,314,AssaultCube,0,Xonotic,0,Modified_AssaultCube,115,Modified_Xonotic,136,20240418_190936
CS,256,OW,314,AssaultCube,0,Xonotic,0,Modified_AssaultCube,119,Modified_Xonotic,136,20240418_190956
CS,256,OW,314,AssaultCube,0,Xonotic,0,Modified_AssaultCube,119,Modified_Xonotic,136,20240418_191016
CS,256,OW,314,AssaultCube,0,Xonotic,0,Modified_AssaultCube,139,Modified_Xonotic,136,20240418_191036
CS,256,OW,314,AssaultCube,0,Xonotic,0,Modified_AssaultCube,139,Modified_Xonotic,136,20240418_191056
CS,256,OW,314,AssaultCube,0,Xonotic,0,Modified_AssaultCube,139,Modified_Xonotic,138,20240418_191116
CS,256,OW,314,AssaultCube,0,Xonotic,0,Modified_AssaultCube,139,Modified_Xonotic,180,20240418_191136
CS,266,OW,314,AssaultCube,0,Xonotic,0,Modified_AssaultCube,139,Modified_Xonotic,182,20240418_191156
CS,292,OW,314,AssaultCube,0,Xonotic,0,Modified_AssaultCube,139,Modified_Xonotic,182,20240418_191216
CS,292,OW,322,AssaultCube,0,Xonotic,0,Modified_AssaultCube,139,Modified_Xonotic,198,20240418_191236
CS,317,OW,322,AssaultCube,0,Xonotic,0,Modified_AssaultCube,139,Modified_Xonotic,200,20240418_191256
CS,322,OW,322,AssaultCube,0,Xonotic,0,Modified_AssaultCube,147,Modified_Xonotic,201,20240418_191316
CS,322,OW,325,AssaultCube,0,Xonotic,0,Modified_AssaultCube,147,Modified_Xonotic,210,20240418_191336
CS,327,OW,325,AssaultCube,0,Xonotic,0,Modified_AssaultCube,147,Modified_Xonotic,210,20240418_191356
CS,327,OW,326,AssaultCube,0,Xonotic,0,Modified_AssaultCube,147,Modified_Xonotic,210,20240418_191416
CS,327,OW,326,AssaultCube,0,Xonotic,0,Modified_AssaultCube,148,Modified_Xonotic,210,20240418_191436
CS,327,OW,328,AssaultCube,0,Xonotic,0,Modified_AssaultCube,148,Modified_Xonotic,219,20240418_191456
CS,327,OW,328,AssaultCube,0,Xonotic,0,Modified_AssaultCube,148,Modified_Xonotic,240,20240418_191516
CS,337,OW,328,AssaultCube,0,Xonotic,0,Modified_AssaultCube,148,Modified_Xonotic,240,20240418_191536
CS,337,OW,346,AssaultCube,0,Xonotic,0,Modified_AssaultCube,148,Modified_Xonotic,240,20240418_191556
CS,337,OW,346,AssaultCube,0,Xonotic,0,Modified_AssaultCube,148,Modified_Xonotic,240,20240418_191616
CS,347,OW,346,AssaultCube,0,Xonotic,0,Modified_AssaultCube,148,Modified_Xonotic,240,20240418_191636
CS,347,OW,346,AssaultCube,0,Xonotic,0,Modified_AssaultCube,149,Modified_Xonotic,240,20240418_191656
CS,347,OW,346,AssaultCube,0,Xonotic,0,Modified_AssaultCube,149,Modified_Xonotic,240,20240418_191716
CS,347,OW,346,AssaultCube,0,Xonotic,0,Modified_AssaultCube,149,Modified_Xonotic,249,20240418_191736
CS,347,OW,346,AssaultCube,0,Xonotic,0,Modified_AssaultCube,149,Modified_Xonotic,252,20240418_191756
CS,347,OW,346,AssaultCube,0,Xonotic,0,Modified_AssaultCube,150,Modified_Xonotic,252,20240418_191816
CS,351,OW,346,AssaultCube,0,Xonotic,0,Modified_AssaultCube,150,Modified_Xonotic,252,20240418_191836
CS,351,OW,365,AssaultCube,0,Xonotic,0,Modified_AssaultCube,150,Modified_Xonotic,252,20240418_191856
CS,351,OW,365,AssaultCube,0,Xonotic,0,Modified_AssaultCube,155,Modified_Xonotic,252,20240418_191916
CS,351,OW,365,AssaultCube,0,Xonotic,0,Modified_AssaultCube,155,Modified_Xonotic,252,20240418_191936
CS,351,OW,365,AssaultCube,0,Xonotic,0,Modified_AssaultCube,155,Modified_Xonotic,252,20240418_191956
CS,351,OW,365,AssaultCube,0,Xonotic,0,Modified_AssaultCube,155,Modified_Xonotic,252,20240418_192016
CS,362,OW,367,AssaultCube,0,Xonotic,0,Modified_AssaultCube,155,Modified_Xonotic,252,20240418_192036
CS,362,OW,367,AssaultCube,0,Xonotic,0,Modified_AssaultCube,155,Modified_Xonotic,257,20240418_192056
CS,367,OW,367,AssaultCube,0,Xonotic,0,Modified_AssaultCube,155,Modified_Xonotic,284,20240418_192116
CS,403,OW,367,AssaultCube,0,Xonotic,0,Modified_AssaultCube,155,Modified_Xonotic,284,20240418_192136
CS,403,OW,370,AssaultCube,0,Xonotic,0,Modified_AssaultCube,155,Modified_Xonotic,284,20240418_192156
CS,424,OW,370,AssaultCube,0,Xonotic,0,Modified_AssaultCube,155,Modified_Xonotic,284,20240418_192216
CS,424,OW,412,AssaultCube,0,Xonotic,0,Modified_AssaultCube,155,Modified_Xonotic,284,20240418_192236
CS,427,OW,412,AssaultCube,0,Xonotic,0,Modified_AssaultCube,155,Modified_Xonotic,287,20240418_192256
CS,429,OW,412,AssaultCube,0,Xonotic,0,Modified_AssaultCube,155,Modified_Xonotic,287,20240418_192316
CS,429,OW,412,AssaultCube,0,Xonotic,0,Modified_AssaultCube,155,Modified_Xonotic,289,20240418_192336
CS,429,OW,412,AssaultCube,0,Xonotic,0,Modified_AssaultCube,155,Modified_Xonotic,292,20240418_192356
CS,429,OW,412,AssaultCube,0,Xonotic,0,Modified_AssaultCube,155,Modified_Xonotic,292,20240418_192416
CS,430,OW,412,AssaultCube,0,Xonotic,0,Modified_AssaultCube,155,Modified_Xonotic,292,20240418_192436
CS,442,OW,414,AssaultCube,0,Xonotic,0,Modified_AssaultCube,155,Modified_Xonotic,292,20240418_192456
CS,442,OW,414,AssaultCube,0,Xonotic,0,Modified_AssaultCube,155,Modified_Xonotic,292,20240418_192516
CS,444,OW,414,AssaultCube,0,Xonotic,0,Modified_AssaultCube,155,Modified_Xonotic,292,20240418_192536
CS,444,OW,414,AssaultCube,0,Xonotic,0,Modified_AssaultCube,155,Modified_Xonotic,296,20240418_192556
CS,444,OW,414,AssaultCube,0,Xonotic,0,Modified_AssaultCube,155,Modified_Xonotic,296,20240418_192616
CS,451,OW,414,AssaultCube,0,Xonotic,0,Modified_AssaultCube,155,Modified_Xonotic,296,20240418_192636
CS,474,OW,414,AssaultCube,0,Xonotic,0,Modified_AssaultCube,155,Modified_Xonotic,296,20240418_192656
CS,474,OW,415,AssaultCube,0,Xonotic,0,Modified_AssaultCube,155,Modified_Xonotic,312,20240418_192716
CS,474,OW,415,AssaultCube,0,Xonotic,0,Modified_AssaultCube,155,Modified_Xonotic,322,20240418_192736
CS,474,OW,415,AssaultCube,0,Xonotic,0,Modified_AssaultCube,156,Modified_Xonotic,322,20240418_192756
CS,477,OW,415,AssaultCube,0,Xonotic,0,Modified_AssaultCube,167,Modified_Xonotic,322,20240418_192816
CS,477,OW,461,AssaultCube,0,Xonotic,0,Modified_AssaultCube,167,Modified_Xonotic,322,20240418_192836
CS,477,OW,477,AssaultCube,0,Xonotic,0,Modified_AssaultCube,167,Modified_Xonotic,322,20240418_192856
CS,477,OW,477,AssaultCube,0,Xonotic,0,Modified_AssaultCube,167,Modified_Xonotic,325,20240418_192916
CS,477,OW,477,AssaultCube,0,Xonotic,0,Modified_AssaultCube,167,Modified_Xonotic,325,20240418_192936
CS,477,OW,477,AssaultCube,0,Xonotic,0,Modified_AssaultCube,168,Modified_Xonotic,325,20240418_192956
CS,477,OW,488,AssaultCube,0,Xonotic,0,Modified_AssaultCube,168,Modified_Xonotic,325,20240418_193016
CS,477,OW,488,AssaultCube,0,Xonotic,0,Modified_AssaultCube,168,Modified_Xonotic,345,20240418_193036
CS,477,OW,495,AssaultCube,0,Xonotic,0,Modified_AssaultCube,172,Modified_Xonotic,347,20240418_193056
CS,477,OW,495,AssaultCube,0,Xonotic,0,Modified_AssaultCube,173,Modified_Xonotic,353,20240418_193116
CS,479,OW,511,AssaultCube,0,Xonotic,0,Modified_AssaultCube,173,Modified_Xonotic,355,20240418_193136
CS,479,OW,523,AssaultCube,0,Xonotic,0,Modified_AssaultCube,173,Modified_Xonotic,355,20240418_193156
CS,479,OW,524,AssaultCube,0,Xonotic,0,Modified_AssaultCube,173,Modified_Xonotic,355,20240418_193216
CS,479,OW,524,AssaultCube,0,Xonotic,0,Modified_AssaultCube,179,Modified_Xonotic,355,20240418_193236
CS,481,OW,524,AssaultCube,0,Xonotic,0,Modified_AssaultCube,179,Modified_Xonotic,355,20240418_193256
CS,481,OW,524,AssaultCube,0,Xonotic,0,Modified_AssaultCube,179,Modified_Xonotic,355,20240418_193316
CS,481,OW,524,AssaultCube,0,Xonotic,0,Modified_AssaultCube,179,Modified_Xonotic,355,20240418_193336
CS,481,OW,524,AssaultCube,0,Xonotic,0,Modified_AssaultCube,179,Modified_Xonotic,367,20240418_193356
CS,481,OW,524,AssaultCube,0,Xonotic,0,Modified_AssaultCube,179,Modified_Xonotic,367,20240418_193416
CS,481,OW,524,AssaultCube,0,Xonotic,0,Modified_AssaultCube,179,Modified_Xonotic,367,20240418_193436
CS,481,OW,525,AssaultCube,0,Xonotic,0,Modified_AssaultCube,179,Modified_Xonotic,367,20240418_193456
CS,491,OW,528,AssaultCube,0,Xonotic,0,Modified_AssaultCube,179,Modified_Xonotic,367,20240418_193516
CS,491,OW,538,AssaultCube,0,Xonotic,0,Modified_AssaultCube,179,Modified_Xonotic,367,20240418_193536
CS,491,OW,538,AssaultCube,0,Xonotic,0,Modified_AssaultCube,182,Modified_Xonotic,367,20240418_193556
CS,491,OW,553,AssaultCube,0,Xonotic,0,Modified_AssaultCube,182,Modified_Xonotic,369,20240418_193616
CS,491,OW,580,AssaultCube,0,Xonotic,0,Modified_AssaultCube,182,Modified_Xonotic,369,20240418_193636
CS,491,OW,580,AssaultCube,0,Xonotic,0,Modified_AssaultCube,182,Modified_Xonotic,369,20240418_193656
CS,491,OW,580,AssaultCube,0,Xonotic,0,Modified_AssaultCube,182,Modified_Xonotic,372,20240418_193716
CS,491,OW,580,AssaultCube,0,Xonotic,0,Modified_AssaultCube,182,Modified_Xonotic,403,20240418_193736
CS,491,OW,580,AssaultCube,0,Xonotic,0,Modified_AssaultCube,214,Modified_Xonotic,403,20240418_193756
CS,491,OW,580,AssaultCube,0,Xonotic,0,Modified_AssaultCube,222,Modified_Xonotic,403,20240418_193816
CS,491,OW,580,AssaultCube,0,Xonotic,0,Modified_AssaultCube,222,Modified_Xonotic,403,20240418_193836
CS,517,OW,580,AssaultCube,0,Xonotic,0,Modified_AssaultCube,222,Modified_Xonotic,403,20240418_193856
CS,535,OW,580,AssaultCube,0,Xonotic,0,Modified_AssaultCube,222,Modified_Xonotic,403,20240418_193916
CS,535,OW,580,AssaultCube,0,Xonotic,0,Modified_AssaultCube,222,Modified_Xonotic,406,20240418_193936
CS,541,OW,580,AssaultCube,0,Xonotic,0,Modified_AssaultCube,222,Modified_Xonotic,406,20240418_193956
CS,541,OW,580,AssaultCube,0,Xonotic,0,Modified_AssaultCube,222,Modified_Xonotic,412,20240418_194016
CS,541,OW,595,AssaultCube,0,Xonotic,0,Modified_AssaultCube,222,Modified_Xonotic,413,20240418_194036
CS,541,OW,596,AssaultCube,0,Xonotic,0,Modified_AssaultCube,222,Modified_Xonotic,425,20240418_194056
CS,554,OW,602,AssaultCube,0,Xonotic,0,Modified_AssaultCube,222,Modified_Xonotic,425,20240418_194116
CS,554,OW,609,AssaultCube,0,Xonotic,0,Modified_AssaultCube,222,Modified_Xonotic,425,20240418_194136
CS,577,OW,609,AssaultCube,0,Xonotic,0,Modified_AssaultCube,222,Modified_Xonotic,425,20240418_194156
CS,577,OW,612,AssaultCube,0,Xonotic,0,Modified_AssaultCube,222,Modified_Xonotic,425,20240418_194216
CS,593,OW,612,AssaultCube,0,Xonotic,0,Modified_AssaultCube,222,Modified_Xonotic,425,20240418_194236
CS,593,OW,628,AssaultCube,0,Xonotic,0,Modified_AssaultCube,222,Modified_Xonotic,425,20240418_194256
CS,598,OW,628,AssaultCube,0,Xonotic,0,Modified_AssaultCube,229,Modified_Xonotic,425,20240418_194316
CS,602,OW,647,AssaultCube,0,Xonotic,0,Modified_AssaultCube,229,Modified_Xonotic,425,20240418_194336
CS,602,OW,653,AssaultCube,0,Xonotic,0,Modified_AssaultCube,229,Modified_Xonotic,425,20240418_194356
CS,605,OW,653,AssaultCube,0,Xonotic,0,Modified_AssaultCube,229,Modified_Xonotic,427,20240418_194417
CS,614,OW,653,AssaultCube,0,Xonotic,0,Modified_AssaultCube,230,Modified_Xonotic,427,20240418_194437
CS,616,OW,653,AssaultCube,0,Xonotic,0,Modified_AssaultCube,230,Modified_Xonotic,427,20240418_194457
CS,616,OW,653,AssaultCube,0,Xonotic,0,Modified_AssaultCube,230,Modified_Xonotic,427,20240418_194517
CS,616,OW,653,AssaultCube,0,Xonotic,0,Modified_AssaultCube,230,Modified_Xonotic,427,20240418_194537
CS,616,OW,654,AssaultCube,0,Xonotic,0,Modified_AssaultCube,230,Modified_Xonotic,427,20240418_194557
CS,616,OW,654,AssaultCube,0,Xonotic,0,Modified_AssaultCube,254,Modified_Xonotic,427,20240418_194617
CS,616,OW,654,AssaultCube,0,Xonotic,0,Modified_AssaultCube,268,Modified_Xonotic,427,20240418_194637
CS,616,OW,654,AssaultCube,0,Xonotic,0,Modified_AssaultCube,268,Modified_Xonotic,439,20240418_194657
CS,616,OW,654,AssaultCube,0,Xonotic,0,Modified_AssaultCube,280,Modified_Xonotic,439,20240418_194717
CS,616,OW,654,AssaultCube,0,Xonotic,0,Modified_AssaultCube,301,Modified_Xonotic,439,20240418_194737
CS,616,OW,654,AssaultCube,0,Xonotic,0,Modified_AssaultCube,301,Modified_Xonotic,441,20240418_194757
CS,616,OW,654,AssaultCube,0,Xonotic,0,Modified_AssaultCube,301,Modified_Xonotic,441,20240418_194817
CS,616,OW,654,AssaultCube,0,Xonotic,0,Modified_AssaultCube,301,Modified_Xonotic,441,20240418_194837
CS,616,OW,658,AssaultCube,0,Xonotic,0,Modified_AssaultCube,306,Modified_Xonotic,441,20240418_194857
CS,616,OW,658,AssaultCube,0,Xonotic,0,Modified_AssaultCube,306,Modified_Xonotic,447,20240418_194917
CS,623,OW,659,AssaultCube,0,Xonotic,0,Modified_AssaultCube,306,Modified_Xonotic,447,20240418_194937
CS,626,OW,665,AssaultCube,0,Xonotic,0,Modified_AssaultCube,306,Modified_Xonotic,447,20240418_194957
CS,626,OW,667,AssaultCube,0,Xonotic,0,Modified_AssaultCube,320,Modified_Xonotic,447,20240418_195017
CS,626,OW,667,AssaultCube,0,Xonotic,0,Modified_AssaultCube,320,Modified_Xonotic,469,20240418_195037
CS,632,OW,667,AssaultCube,0,Xonotic,0,Modified_AssaultCube,320,Modified_Xonotic,473,20240418_195057
CS,632,OW,667,AssaultCube,0,Xonotic,0,Modified_AssaultCube,320,Modified_Xonotic,473,20240418_195117
CS,632,OW,667,AssaultCube,0,Xonotic,0,Modified_AssaultCube,320,Modified_Xonotic,473,20240418_195137
CS,646,OW,667,AssaultCube,0,Xonotic,0,Modified_AssaultCube,320,Modified_Xonotic,473,20240418_195157
CS,647,OW,667,AssaultCube,0,Xonotic,0,Modified_AssaultCube,320,Modified_Xonotic,474,20240418_195217
CS,660,OW,667,AssaultCube,0,Xonotic,0,Modified_AssaultCube,320,Modified_Xonotic,474,20240418_195237
CS,662,OW,667,AssaultCube,0,Xonotic,0,Modified_AssaultCube,320,Modified_Xonotic,474,20240418_195257
CS,662,OW,667,AssaultCube,0,Xonotic,0,Modified_AssaultCube,320,Modified_Xonotic,474,20240418_195317
CS,662,OW,677,AssaultCube,0,Xonotic,0,Modified_AssaultCube,320,Modified_Xonotic,486,20240418_195337
CS,662,OW,730,AssaultCube,0,Xonotic,0,Modified_AssaultCube,320,Modified_Xonotic,486,20240418_195357
CS,662,OW,730,AssaultCube,0,Xonotic,0,Modified_AssaultCube,320,Modified_Xonotic,486,20240418_195417
CS,662,OW,748,AssaultCube,0,Xonotic,0,Modified_AssaultCube,320,Modified_Xonotic,486,20240418_195437
CS,662,OW,748,AssaultCube,0,Xonotic,0,Modified_AssaultCube,322,Modified_Xonotic,489,20240418_195457
CS,667,OW,768,AssaultCube,0,Xonotic,0,Modified_AssaultCube,322,Modified_Xonotic,489,20240418_195517
CS,667,OW,783,AssaultCube,0,Xonotic,0,Modified_AssaultCube,322,Modified_Xonotic,489,20240418_195537
CS,667,OW,783,AssaultCube,0,Xonotic,0,Modified_AssaultCube,322,Modified_Xonotic,489,20240418_195557
CS,667,OW,783,AssaultCube,0,Xonotic,0,Modified_AssaultCube,322,Modified_Xonotic,489,20240418_195617
CS,667,OW,783,AssaultCube,0,Xonotic,0,Modified_AssaultCube,322,Modified_Xonotic,489,20240418_195637
CS,670,OW,783,AssaultCube,0,Xonotic,0,Modified_AssaultCube,322,Modified_Xonotic,489,20240418_195657
CS,670,OW,783,AssaultCube,0,Xonotic,0,Modified_AssaultCube,322,Modified_Xonotic,489,20240418_195717
CS,670,OW,783,AssaultCube,0,Xonotic,0,Modified_AssaultCube,322,Modified_Xonotic,489,20240418_195737
CS,696,OW,783,AssaultCube,0,Xonotic,0,Modified_AssaultCube,322,Modified_Xonotic,489,20240418_195757
CS,712,OW,783,AssaultCube,0,Xonotic,0,Modified_AssaultCube,322,Modified_Xonotic,489,20240418_195817
CS,712,OW,783,AssaultCube,0,Xonotic,0,Modified_AssaultCube,322,Modified_Xonotic,527,20240418_195837
CS,712,OW,791,AssaultCube,0,Xonotic,0,Modified_AssaultCube,322,Modified_Xonotic,529,20240418_195857
CS,717,OW,791,AssaultCube,0,Xonotic,0,Modified_AssaultCube,322,Modified_Xonotic,529,20240418_195917
CS,717,OW,791,AssaultCube,0,Xonotic,0,Modified_AssaultCube,369,Modified_Xonotic,529,20240418_195937
CS,717,OW,799,AssaultCube,0,Xonotic,0,Modified_AssaultCube,371,Modified_Xonotic,529,20240418_195957
CS,717,OW,800,AssaultCube,0,Xonotic,0,Modified_AssaultCube,371,Modified_Xonotic,529,20240418_200017
CS,717,OW,800,AssaultCube,0,Xonotic,0,Modified_AssaultCube,371,Modified_Xonotic,536,20240418_200037
CS,717,OW,807,AssaultCube,0,Xonotic,0,Modified_AssaultCube,371,Modified_Xonotic,540,20240418_200057
CS,720,OW,809,AssaultCube,0,Xonotic,0,Modified_AssaultCube,371,Modified_Xonotic,540,20240418_200117
CS,720,OW,809,AssaultCube,0,Xonotic,0,Modified_AssaultCube,371,Modified_Xonotic,540,20240418_200137
CS,724,OW,809,AssaultCube,0,Xonotic,0,Modified_AssaultCube,371,Modified_Xonotic,540,20240418_200157
CS,724,OW,834,AssaultCube,0,Xonotic,0,Modified_AssaultCube,371,Modified_Xonotic,540,20240418_200217
CS,724,OW,834,AssaultCube,0,Xonotic,0,Modified_AssaultCube,371,Modified_Xonotic,541,20240418_200237
CS,724,OW,855,AssaultCube,0,Xonotic,0,Modified_AssaultCube,371,Modified_Xonotic,541,20240418_200257
CS,724,OW,855,AssaultCube,0,Xonotic,0,Modified_AssaultCube,371,Modified_Xonotic,541,20240418_200317
CS,724,OW,855,AssaultCube,0,Xonotic,0,Modified_AssaultCube,371,Modified_Xonotic,541,20240418_200337
CS,728,OW,866,AssaultCube,0,Xonotic,0,Modified_AssaultCube,371,Modified_Xonotic,541,20240418_200357
CS,728,OW,894,AssaultCube,0,Xonotic,0,Modified_AssaultCube,371,Modified_Xonotic,541,20240418_200417
CS,728,OW,894,AssaultCube,0,Xonotic,0,Modified_AssaultCube,386,Modified_Xonotic,541,20240418_200437
CS,728,OW,895,AssaultCube,0,Xonotic,0,Modified_AssaultCube,386,Modified_Xonotic,541,20240418_200457
CS,728,OW,895,AssaultCube,0,Xonotic,0,Modified_AssaultCube,387,Modified_Xonotic,541,20240418_200517
CS,728,OW,902,AssaultCube,0,Xonotic,0,Modified_AssaultCube,387,Modified_Xonotic,541,20240418_200537
CS,728,OW,902,AssaultCube,0,Xonotic,0,Modified_AssaultCube,389,Modified_Xonotic,541,20240418_200557
CS,742,OW,902,AssaultCube,0,Xonotic,0,Modified_AssaultCube,390,Modified_Xonotic,541,20240418_200617
CS,774,OW,902,AssaultCube,0,Xonotic,0,Modified_AssaultCube,390,Modified_Xonotic,541,20240418_200637
CS,774,OW,902,AssaultCube,0,Xonotic,0,Modified_AssaultCube,397,Modified_Xonotic,541,20240418_200657
CS,774,OW,902,AssaultCube,0,Xonotic,0,Modified_AssaultCube,397,Modified_Xonotic,541,20240418_200717
CS,774,OW,923,AssaultCube,0,Xonotic,0,Modified_AssaultCube,397,Modified_Xonotic,541,20240418_200737
CS,780,OW,923,AssaultCube,0,Xonotic,0,Modified_AssaultCube,397,Modified_Xonotic,541,20240418_200757
CS,785,OW,924,AssaultCube,0,Xonotic,0,Modified_AssaultCube,397,Modified_Xonotic,541,20240418_200817
CS,825,OW,924,AssaultCube,0,Xonotic,0,Modified_AssaultCube,397,Modified_Xonotic,541,20240418_200837
CS,827,OW,962,AssaultCube,0,Xonotic,0,Modified_AssaultCube,397,Modified_Xonotic,541,20240418_200857
CS,833,OW,988,AssaultCube,0,Xonotic,0,Modified_AssaultCube,397,Modified_Xonotic,541,20240418_200917
CS,833,OW,988,AssaultCube,0,Xonotic,0,Modified_AssaultCube,408,Modified_Xonotic,541,20240418_200937
CS,838,OW,988,AssaultCube,0,Xonotic,0,Modified_AssaultCube,408,Modified_Xonotic,541,20240418_200957
CS,838,OW,988,AssaultCube,0,Xonotic,0,Modified_AssaultCube,408,Modified_Xonotic,541,20240418_201017
CS,862,OW,988,AssaultCube,0,Xonotic,0,Modified_AssaultCube,408,Modified_Xonotic,541,20240418_201037
CS,869,OW,997,AssaultCube,0,Xonotic,0,Modified_AssaultCube,408,Modified_Xonotic,541,20240418_201057
CS,872,OW,997,AssaultCube,0,Xonotic,0,Modified_AssaultCube,408,Modified_Xonotic,543,20240418_201117
CS,872,OW,1018,AssaultCube,0,Xonotic,0,Modified_AssaultCube,408,Modified_Xonotic,543,20240418_201137
CS,877,OW,1018,AssaultCube,0,Xonotic,0,Modified_AssaultCube,408,Modified_Xonotic,544,20240418_201157
CS,884,OW,1042,AssaultCube,0,Xonotic,0,Modified_AssaultCube,408,Modified_Xonotic,544,20240418_201217
CS,887,OW,1045,AssaultCube,0,Xonotic,0,Modified_AssaultCube,408,Modified_Xonotic,547,20240418_201237
CS,904,OW,1045,AssaultCube,0,Xonotic,0,Modified_AssaultCube,408,Modified_Xonotic,547,20240418_201257
CS,904,OW,1045,AssaultCube,0,Xonotic,0,Modified_AssaultCube,408,Modified_Xonotic,548,20240418_201317
CS,924,OW,1045,AssaultCube,0,Xonotic,0,Modified_AssaultCube,408,Modified_Xonotic,548,20240418_201337
CS,924,OW,1047,AssaultCube,0,Xonotic,0,Modified_AssaultCube,408,Modified_Xonotic,548,20240418_201357
CS,925,OW,1047,AssaultCube,0,Xonotic,0,Modified_AssaultCube,408,Modified_Xonotic,548,20240418_201417
CS,944,OW,1047,AssaultCube,0,Xonotic,0,Modified_AssaultCube,408,Modified_Xonotic,548,20240418_201437
CS,944,OW,1059,AssaultCube,0,Xonotic,0,Modified_AssaultCube,409,Modified_Xonotic,548,20240418_201457
CS,951,OW,1060,AssaultCube,0,Xonotic,0,Modified_AssaultCube,409,Modified_Xonotic,548,20240418_201517
CS,951,OW,1086,AssaultCube,0,Xonotic,0,Modified_AssaultCube,409,Modified_Xonotic,548,20240418_201537
CS,951,OW,1086,AssaultCube,0,Xonotic,0,Modified_AssaultCube,409,Modified_Xonotic,548,20240418_201557
CS,951,OW,1088,AssaultCube,0,Xonotic,0,Modified_AssaultCube,409,Modified_Xonotic,548,20240418_201617
CS,955,OW,1088,AssaultCube,0,Xonotic,0,Modified_AssaultCube,410,Modified_Xonotic,548,20240418_201637
CS,955,OW,1091,AssaultCube,0,Xonotic,0,Modified_AssaultCube,421,Modified_Xonotic,548,20240418_201657
CS,955,OW,1091,AssaultCube,0,Xonotic,0,Modified_AssaultCube,421,Modified_Xonotic,553,20240418_201717
CS,955,OW,1092,AssaultCube,0,Xonotic,0,Modified_AssaultCube,442,Modified_Xonotic,553,20240418_201737
CS,955,OW,1092,AssaultCube,0,Xonotic,0,Modified_AssaultCube,454,Modified_Xonotic,553,20240418_201757
CS,955,OW,1092,AssaultCube,0,Xonotic,0,Modified_AssaultCube,454,Modified_Xonotic,553,20240418_201817
CS,955,OW,1121,AssaultCube,0,Xonotic,0,Modified_AssaultCube,454,Modified_Xonotic,553,20240418_201837
CS,955,OW,1161,AssaultCube,0,Xonotic,0,Modified_AssaultCube,454,Modified_Xonotic,553,20240418_201857
CS,955,OW,1172,AssaultCube,0,Xonotic,0,Modified_AssaultCube,454,Modified_Xonotic,553,20240418_201917
CS,955,OW,1172,AssaultCube,0,Xonotic,0,Modified_AssaultCube,454,Modified_Xonotic,553,20240418_201937
CS,955,OW,1172,AssaultCube,0,Xonotic,0,Modified_AssaultCube,454,Modified_Xonotic,553,20240418_201957
CS,955,OW,1172,AssaultCube,0,Xonotic,0,Modified_AssaultCube,454,Modified_Xonotic,553,20240418_202017
CS,981,OW,1172,AssaultCube,0,Xonotic,0,Modified_AssaultCube,454,Modified_Xonotic,553,20240418_202037
CS,981,OW,1174,AssaultCube,0,Xonotic,0,Modified_AssaultCube,454,Modified_Xonotic,553,20240418_202057
CS,985,OW,1175,AssaultCube,0,Xonotic,0,Modified_AssaultCube,454,Modified_Xonotic,553,20240418_202117
CS,985,OW,1176,AssaultCube,0,Xonotic,0,Modified_AssaultCube,454,Modified_Xonotic,553,20240418_202137
CS,1008,OW,1176,AssaultCube,0,Xonotic,0,Modified_AssaultCube,454,Modified_Xonotic,553,20240418_202157
CS,1015,OW,1190,AssaultCube,0,Xonotic,0,Modified_AssaultCube,454,Modified_Xonotic,553,20240418_202217
CS,1015,OW,1199,AssaultCube,0,Xonotic,0,Modified_AssaultCube,468,Modified_Xonotic,553,20240418_202237
CS,1015,OW,1199,AssaultCube,0,Xonotic,0,Modified_AssaultCube,468,Modified_Xonotic,555,20240418_202257
CS,1020,OW,1199,AssaultCube,0,Xonotic,0,Modified_AssaultCube,468,Modified_Xonotic,555,20240418_202317
CS,1020,OW,1234,AssaultCube,0,Xonotic,0,Modified_AssaultCube,468,Modified_Xonotic,555,20240418_202337
CS,1020,OW,1280,AssaultCube,0,Xonotic,0,Modified_AssaultCube,468,Modified_Xonotic,555,20240418_202357
CS,1020,OW,1285,AssaultCube,0,Xonotic,0,Modified_AssaultCube,468,Modified_Xonotic,555,20240418_202417
CS,1020,OW,1285,AssaultCube,0,Xonotic,0,Modified_AssaultCube,468,Modified_Xonotic,555,20240418_202437
CS,1020,OW,1306,AssaultCube,0,Xonotic,0,Modified_AssaultCube,468,Modified_Xonotic,555,20240418_202457
CS,1020,OW,1306,AssaultCube,0,Xonotic,0,Modified_AssaultCube,468,Modified_Xonotic,564,20240418_202517
CS,1020,OW,1306,AssaultCube,0,Xonotic,0,Modified_AssaultCube,468,Modified_Xonotic,580,20240418_202537
CS,1020,OW,1306,AssaultCube,0,Xonotic,0,Modified_AssaultCube,473,Modified_Xonotic,580,20240418_202557
CS,1020,OW,1306,AssaultCube,0,Xonotic,0,Modified_AssaultCube,474,Modified_Xonotic,580,20240418_202617
CS,1020,OW,1330,AssaultCube,0,Xonotic,0,Modified_AssaultCube,474,Modified_Xonotic,580,20240418_202637
CS,1020,OW,1330,AssaultCube,0,Xonotic,0,Modified_AssaultCube,474,Modified_Xonotic,580,20240418_202657
CS,1020,OW,1333,AssaultCube,0,Xonotic,0,Modified_AssaultCube,474,Modified_Xonotic,580,20240418_202717
CS,1020,OW,1375,AssaultCube,0,Xonotic,0,Modified_AssaultCube,474,Modified_Xonotic,580,20240418_202737
CS,1020,OW,1383,AssaultCube,0,Xonotic,0,Modified_AssaultCube,474,Modified_Xonotic,580,20240418_202757
CS,1020,OW,1384,AssaultCube,0,Xonotic,0,Modified_AssaultCube,474,Modified_Xonotic,580,20240418_202817
CS,1020,OW,1403,AssaultCube,0,Xonotic,0,Modified_AssaultCube,474,Modified_Xonotic,580,20240418_202837
CS,1020,OW,1403,AssaultCube,0,Xonotic,0,Modified_AssaultCube,474,Modified_Xonotic,583,20240418_202857
CS,1020,OW,1403,AssaultCube,0,Xonotic,0,Modified_AssaultCube,474,Modified_Xonotic,583,20240418_202917
CS,1020,OW,1407,AssaultCube,0,Xonotic,0,Modified_AssaultCube,475,Modified_Xonotic,583,20240418_202937
CS,1020,OW,1432,AssaultCube,0,Xonotic,0,Modified_AssaultCube,475,Modified_Xonotic,583,20240418_202957
CS,1020,OW,1432,AssaultCube,0,Xonotic,0,Modified_AssaultCube,475,Modified_Xonotic,583,20240418_203017
CS,1020,OW,1432,AssaultCube,0,Xonotic,0,Modified_AssaultCube,475,Modified_Xonotic,583,20240418_203037
CS,1020,OW,1432,AssaultCube,0,Xonotic,0,Modified_AssaultCube,475,Modified_Xonotic,583,20240418_203057
CS,1020,OW,1432,AssaultCube,0,Xonotic,0,Modified_AssaultCube,475,Modified_Xonotic,583,20240418_203117
CS,1020,OW,1435,AssaultCube,0,Xonotic,0,Modified_AssaultCube,475,Modified_Xonotic,583,20240418_203137
CS,1020,OW,1435,AssaultCube,0,Xonotic,0,Modified_AssaultCube,475,Modified_Xonotic,585,20240418_203157
CS,1020,OW,1443,AssaultCube,0,Xonotic,0,Modified_AssaultCube,475,Modified_Xonotic,599,20240418_203217
CS,1020,OW,1443,AssaultCube,0,Xonotic,0,Modified_AssaultCube,475,Modified_Xonotic,599,20240418_203237
CS,1021,OW,1443,AssaultCube,0,Xonotic,0,Modified_AssaultCube,475,Modified_Xonotic,599,20240418_203257
CS,1023,OW,1443,AssaultCube,0,Xonotic,0,Modified_AssaultCube,475,Modified_Xonotic,599,20240418_203317
CS,1055,OW,1444,AssaultCube,0,Xonotic,0,Modified_AssaultCube,475,Modified_Xonotic,599,20240418_203337
CS,1055,OW,1495,AssaultCube,0,Xonotic,0,Modified_AssaultCube,475,Modified_Xonotic,599,20240418_203357
CS,1058,OW,1501,AssaultCube,0,Xonotic,0,Modified_AssaultCube,480,Modified_Xonotic,599,20240418_203417
CS,1058,OW,1501,AssaultCube,0,Xonotic,0,Modified_AssaultCube,480,Modified_Xonotic,599,20240418_203437
CS,1058,OW,1501,AssaultCube,0,Xonotic,0,Modified_AssaultCube,480,Modified_Xonotic,599,20240418_203457
CS,1058,OW,1501,AssaultCube,0,Xonotic,0,Modified_AssaultCube,481,Modified_Xonotic,600,20240418_203517
CS,1058,OW,1501,AssaultCube,0,Xonotic,0,Modified_AssaultCube,481,Modified_Xonotic,600,20240418_203537
CS,1058,OW,1501,AssaultCube,0,Xonotic,0,Modified_AssaultCube,481,Modified_Xonotic,600,20240418_203557
CS,1058,OW,1501,AssaultCube,0,Xonotic,0,Modified_AssaultCube,481,Modified_Xonotic,600,20240418_203617
CS,1058,OW,1503,AssaultCube,0,Xonotic,0,Modified_AssaultCube,481,Modified_Xonotic,600,20240418_203637
CS,1058,OW,1503,AssaultCube,0,Xonotic,0,Modified_AssaultCube,481,Modified_Xonotic,621,20240418_203657
CS,1060,OW,1503,AssaultCube,0,Xonotic,0,Modified_AssaultCube,481,Modified_Xonotic,630,20240418_203717
CS,1063,OW,1503,AssaultCube,0,Xonotic,0,Modified_AssaultCube,481,Modified_Xonotic,630,20240418_203737
CS,1063,OW,1503,AssaultCube,0,Xonotic,0,Modified_AssaultCube,481,Modified_Xonotic,630,20240418_203757
CS,1072,OW,1503,AssaultCube,0,Xonotic,0,Modified_AssaultCube,481,Modified_Xonotic,630,20240418_203817
CS,1072,OW,1503,AssaultCube,0,Xonotic,0,Modified_AssaultCube,481,Modified_Xonotic,636,20240418_203837
CS,1074,OW,1530,AssaultCube,0,Xonotic,0,Modified_AssaultCube,481,Modified_Xonotic,636,20240418_203857
CS,1074,OW,1543,AssaultCube,0,Xonotic,0,Modified_AssaultCube,481,Modified_Xonotic,636,20240418_203917
CS,1074,OW,1543,AssaultCube,0,Xonotic,0,Modified_AssaultCube,505,Modified_Xonotic,636,20240418_203937
CS,1088,OW,1543,AssaultCube,0,Xonotic,0,Modified_AssaultCube,505,Modified_Xonotic,636,20240418_203957
CS,1093,OW,1543,AssaultCube,0,Xonotic,0,Modified_AssaultCube,505,Modified_Xonotic,636,20240418_204017
CS,1093,OW,1543,AssaultCube,0,Xonotic,0,Modified_AssaultCube,505,Modified_Xonotic,636,20240418_204037
CS,1093,OW,1552,AssaultCube,0,Xonotic,0,Modified_AssaultCube,505,Modified_Xonotic,636,20240418_204057
CS,1093,OW,1552,AssaultCube,0,Xonotic,0,Modified_AssaultCube,508,Modified_Xonotic,636,20240418_204117
CS,1093,OW,1577,AssaultCube,0,Xonotic,0,Modified_AssaultCube,508,Modified_Xonotic,636,20240418_204137
CS,1093,OW,1589,AssaultCube,0,Xonotic,0,Modified_AssaultCube,508,Modified_Xonotic,636,20240418_204157
CS,1093,OW,1589,AssaultCube,0,Xonotic,0,Modified_AssaultCube,508,Modified_Xonotic,640,20240418_204217
CS,1108,OW,1589,AssaultCube,0,Xonotic,0,Modified_AssaultCube,511,Modified_Xonotic,640,20240418_204237
CS,1108,OW,1589,AssaultCube,0,Xonotic,0,Modified_AssaultCube,511,Modified_Xonotic,640,20240418_204257
CS,1134,OW,1589,AssaultCube,0,Xonotic,0,Modified_AssaultCube,511,Modified_Xonotic,640,20240418_204317
CS,1134,OW,1589,AssaultCube,0,Xonotic,0,Modified_AssaultCube,511,Modified_Xonotic,640,20240418_204337
CS,1134,OW,1589,AssaultCube,0,Xonotic,0,Modified_AssaultCube,511,Modified_Xonotic,654,20240418_204357
CS,1134,OW,1589,AssaultCube,0,Xonotic,0,Modified_AssaultCube,511,Modified_Xonotic,654,20240418_204417
CS,1144,OW,1589,AssaultCube,0,Xonotic,0,Modified_AssaultCube,511,Modified_Xonotic,659,20240418_204437
CS,1183,OW,1589,AssaultCube,0,Xonotic,0,Modified_AssaultCube,511,Modified_Xonotic,659,20240418_204457
CS,1183,OW,1589,AssaultCube,0,Xonotic,0,Modified_AssaultCube,511,Modified_Xonotic,659,20240418_204517
CS,1184,OW,1589,AssaultCube,0,Xonotic,0,Modified_AssaultCube,512,Modified_Xonotic,659,20240418_204537
CS,1184,OW,1589,AssaultCube,0,Xonotic,0,Modified_AssaultCube,512,Modified_Xonotic,659,20240418_204557
CS,1185,OW,1591,AssaultCube,0,Xonotic,0,Modified_AssaultCube,512,Modified_Xonotic,659,20240418_204617
CS,1186,OW,1596,AssaultCube,0,Xonotic,0,Modified_AssaultCube,512,Modified_Xonotic,659,20240418_204637
CS,1192,OW,1596,AssaultCube,0,Xonotic,0,Modified_AssaultCube,513,Modified_Xonotic,659,20240418_204657
CS,1196,OW,1596,AssaultCube,0,Xonotic,0,Modified_AssaultCube,513,Modified_Xonotic,659,20240418_204717
CS,1196,OW,1596,AssaultCube,0,Xonotic,0,Modified_AssaultCube,513,Modified_Xonotic,659,20240418_204737
CS,1196,OW,1596,AssaultCube,0,Xonotic,0,Modified_AssaultCube,513,Modified_Xonotic,659,20240418_204757
CS,1196,OW,1596,AssaultCube,0,Xonotic,0,Modified_AssaultCube,513,Modified_Xonotic,659,20240418_204817
CS,1196,OW,1596,AssaultCube,0,Xonotic,0,Modified_AssaultCube,513,Modified_Xonotic,682,20240418_204837
CS,1198,OW,1614,AssaultCube,0,Xonotic,0,Modified_AssaultCube,513,Modified_Xonotic,682,20240418_204857
CS,1198,OW,1647,AssaultCube,0,Xonotic,0,Modified_AssaultCube,513,Modified_Xonotic,682,20240418_204917
CS,1198,OW,1647,AssaultCube,0,Xonotic,0,Modified_AssaultCube,513,Modified_Xonotic,682,20240418_204937
CS,1198,OW,1668,AssaultCube,0,Xonotic,0,Modified_AssaultCube,513,Modified_Xonotic,682,20240418_204957
CS,1198,OW,1695,AssaultCube,0,Xonotic,0,Modified_AssaultCube,513,Modified_Xonotic,682,20240418_205017
CS,1198,OW,1705,AssaultCube,0,Xonotic,0,Modified_AssaultCube,513,Modified_Xonotic,682,20240418_205037
CS,1198,OW,1705,AssaultCube,0,Xonotic,0,Modified_AssaultCube,513,Modified_Xonotic,683,20240418_205057
CS,1198,OW,1705,AssaultCube,0,Xonotic,0,Modified_AssaultCube,513,Modified_Xonotic,733,20240418_205117
CS,1198,OW,1705,AssaultCube,0,Xonotic,0,Modified_AssaultCube,513,Modified_Xonotic,735,20240418_205137
CS,1198,OW,1705,AssaultCube,0,Xonotic,0,Modified_AssaultCube,513,Modified_Xonotic,735,20240418_205157
CS,1198,OW,1742,AssaultCube,0,Xonotic,0,Modified_AssaultCube,513,Modified_Xonotic,735,20240418_205217
CS,1198,OW,1763,AssaultCube,0,Xonotic,0,Modified_AssaultCube,513,Modified_Xonotic,735,20240418_205237
CS,1198,OW,1763,AssaultCube,0,Xonotic,0,Modified_AssaultCube,513,Modified_Xonotic,735,20240418_205257
CS,1202,OW,1764,AssaultCube,0,Xonotic,0,Modified_AssaultCube,513,Modified_Xonotic,735,20240418_205317
CS,1204,OW,1764,AssaultCube,0,Xonotic,0,Modified_AssaultCube,513,Modified_Xonotic,735,20240418_205337
CS,1205,OW,1764,AssaultCube,0,Xonotic,0,Modified_AssaultCube,513,Modified_Xonotic,735,20240418_205357
CS,1206,OW,1764,AssaultCube,0,Xonotic,0,Modified_AssaultCube,513,Modified_Xonotic,735,20240418_205417
CS,1208,OW,1764,AssaultCube,0,Xonotic,0,Modified_AssaultCube,513,Modified_Xonotic,735,20240418_205437
CS,1211,OW,1764,AssaultCube,0,Xonotic,0,Modified_AssaultCube,513,Modified_Xonotic,735,20240418_205457
CS,1218,OW,1764,AssaultCube,0,Xonotic,0,Modified_AssaultCube,513,Modified_Xonotic,735,20240418_205517
CS,1218,OW,1764,AssaultCube,0,Xonotic,0,Modified_AssaultCube,513,Modified_Xonotic,735,20240418_205537
CS,1224,OW,1769,AssaultCube,0,Xonotic,0,Modified_AssaultCube,513,Modified_Xonotic,735,20240418_205557
CS,1224,OW,1792,AssaultCube,0,Xonotic,0,Modified_AssaultCube,513,Modified_Xonotic,735,20240418_205617
CS,1224,OW,1792,AssaultCube,0,Xonotic,0,Modified_AssaultCube,513,Modified_Xonotic,735,20240418_205637
CS,1224,OW,1804,AssaultCube,0,Xonotic,0,Modified_AssaultCube,513,Modified_Xonotic,735,20240418_205657
CS,1224,OW,1804,AssaultCube,0,Xonotic,0,Modified_AssaultCube,513,Modified_Xonotic,735,20240418_205718
CS,1234,OW,1804,AssaultCube,0,Xonotic,0,Modified_AssaultCube,514,Modified_Xonotic,735,20240418_205738
CS,1234,OW,1819,AssaultCube,0,Xonotic,0,Modified_AssaultCube,514,Modified_Xonotic,735,20240418_205758
CS,1252,OW,1819,AssaultCube,0,Xonotic,0,Modified_AssaultCube,514,Modified_Xonotic,735,20240418_205818
CS,1252,OW,1842,AssaultCube,0,Xonotic,0,Modified_AssaultCube,514,Modified_Xonotic,735,20240418_205838
CS,1252,OW,1842,AssaultCube,0,Xonotic,0,Modified_AssaultCube,514,Modified_Xonotic,736,20240418_205858
CS,1252,OW,1865,AssaultCube,0,Xonotic,0,Modified_AssaultCube,514,Modified_Xonotic,736,20240418_205918
CS,1252,OW,1900,AssaultCube,0,Xonotic,0,Modified_AssaultCube,514,Modified_Xonotic,736,20240418_205938
CS,1252,OW,1900,AssaultCube,0,Xonotic,0,Modified_AssaultCube,548,Modified_Xonotic,736,20240418_205958
CS,1252,OW,1900,AssaultCube,0,Xonotic,0,Modified_AssaultCube,556,Modified_Xonotic,746,20240418_210018
CS,1252,OW,1900,AssaultCube,0,Xonotic,0,Modified_AssaultCube,556,Modified_Xonotic,773,20240418_210038
CS,1252,OW,1906,AssaultCube,0,Xonotic,0,Modified_AssaultCube,556,Modified_Xonotic,773,20240418_210058
CS,1266,OW,1906,AssaultCube,0,Xonotic,0,Modified_AssaultCube,556,Modified_Xonotic,773,20240418_210118
CS,1267,OW,1906,AssaultCube,0,Xonotic,0,Modified_AssaultCube,556,Modified_Xonotic,773,20240418_210138
CS,1275,OW,1906,AssaultCube,0,Xonotic,0,Modified_AssaultCube,556,Modified_Xonotic,786,20240418_210158
CS,1275,OW,1917,AssaultCube,0,Xonotic,0,Modified_AssaultCube,556,Modified_Xonotic,786,20240418_210218
CS,1275,OW,1917,AssaultCube,0,Xonotic,0,Modified_AssaultCube,560,Modified_Xonotic,786,20240418_210238
CS,1275,OW,1917,AssaultCube,0,Xonotic,0,Modified_AssaultCube,560,Modified_Xonotic,786,20240418_210258
CS,1275,OW,1917,AssaultCube,0,Xonotic,0,Modified_AssaultCube,591,Modified_Xonotic,786,20240418_210318
CS,1275,OW,1917,AssaultCube,0,Xonotic,0,Modified_AssaultCube,620,Modified_Xonotic,786,20240418_210338
CS,1275,OW,1921,AssaultCube,0,Xonotic,0,Modified_AssaultCube,623,Modified_Xonotic,786,20240418_210358
CS,1275,OW,1943,AssaultCube,0,Xonotic,0,Modified_AssaultCube,623,Modified_Xonotic,786,20240418_210418
CS,1275,OW,1943,AssaultCube,0,Xonotic,0,Modified_AssaultCube,623,Modified_Xonotic,786,20240418_210438
CS,1275,OW,1979,AssaultCube,0,Xonotic,0,Modified_AssaultCube,623,Modified_Xonotic,786,20240418_210458
CS,1276,OW,1982,AssaultCube,0,Xonotic,0,Modified_AssaultCube,651,Modified_Xonotic,786,20240418_210518
CS,1276,OW,1982,AssaultCube,0,Xonotic,0,Modified_AssaultCube,673,Modified_Xonotic,786,20240418_210538
CS,1290,OW,1982,AssaultCube,0,Xonotic,0,Modified_AssaultCube,673,Modified_Xonotic,786,20240418_210558
CS,1290,OW,1982,AssaultCube,0,Xonotic,0,Modified_AssaultCube,673,Modified_Xonotic,790,20240418_210618
CS,1294,OW,1982,AssaultCube,0,Xonotic,0,Modified_AssaultCube,673,Modified_Xonotic,791,20240418_210638
CS,1294,OW,1982,AssaultCube,0,Xonotic,0,Modified_AssaultCube,686,Modified_Xonotic,791,20240418_210658
CS,1294,OW,1992,AssaultCube,0,Xonotic,0,Modified_AssaultCube,686,Modified_Xonotic,791,20240418_210718
CS,1294,OW,2010,AssaultCube,0,Xonotic,0,Modified_AssaultCube,686,Modified_Xonotic,791,20240418_210738
CS,1294,OW,2010,AssaultCube,0,Xonotic,0,Modified_AssaultCube,686,Modified_Xonotic,817,20240418_210758
CS,1311,OW,2010,AssaultCube,0,Xonotic,0,Modified_AssaultCube,687,Modified_Xonotic,817,20240418_210818
CS,1311,OW,2010,AssaultCube,0,Xonotic,0,Modified_AssaultCube,688,Modified_Xonotic,818,20240418_210838
CS,1329,OW,2010,AssaultCube,0,Xonotic,0,Modified_AssaultCube,688,Modified_Xonotic,818,20240418_210858
CS,1329,OW,2010,AssaultCube,0,Xonotic,0,Modified_AssaultCube,688,Modified_Xonotic,818,20240418_210918
CS,1345,OW,2010,AssaultCube,0,Xonotic,0,Modified_AssaultCube,688,Modified_Xonotic,818,20240418_210938
CS,1345,OW,2011,AssaultCube,0,Xonotic,0,Modified_AssaultCube,688,Modified_Xonotic,818,20240418_210958
CS,1345,OW,2011,AssaultCube,0,Xonotic,0,Modified_AssaultCube,708,Modified_Xonotic,818,20240418_211018
CS,1345,OW,2011,AssaultCube,0,Xonotic,0,Modified_AssaultCube,708,Modified_Xonotic,818,20240418_211038
CS,1346,OW,2011,AssaultCube,0,Xonotic,0,Modified_AssaultCube,708,Modified_Xonotic,818,20240418_211058
CS,1349,OW,2011,AssaultCube,0,Xonotic,0,Modified_AssaultCube,708,Modified_Xonotic,818,20240418_211118
CS,1365,OW,2011,AssaultCube,0,Xonotic,0,Modified_AssaultCube,708,Modified_Xonotic,818,20240418_211138
CS,1368,OW,2011,AssaultCube,0,Xonotic,0,Modified_AssaultCube,708,Modified_Xonotic,818,20240418_211158
CS,1409,OW,2011,AssaultCube,0,Xonotic,0,Modified_AssaultCube,708,Modified_Xonotic,818,20240418_211218
CS,1409,OW,2011,AssaultCube,0,Xonotic,0,Modified_AssaultCube,708,Modified_Xonotic,821,20240418_211238
CS,1414,OW,2011,AssaultCube,0,Xonotic,0,Modified_AssaultCube,708,Modified_Xonotic,821,20240418_211258
CS,1414,OW,2011,AssaultCube,0,Xonotic,0,Modified_AssaultCube,708,Modified_Xonotic,821,20240418_211318
CS,1422,OW,2011,AssaultCube,0,Xonotic,0,Modified_AssaultCube,708,Modified_Xonotic,821,20240418_211338
CS,1422,OW,2025,AssaultCube,0,Xonotic,0,Modified_AssaultCube,708,Modified_Xonotic,821,20240418_211358
CS,1422,OW,2025,AssaultCube,0,Xonotic,0,Modified_AssaultCube,708,Modified_Xonotic,841,20240418_211418
CS,1422,OW,2033,AssaultCube,0,Xonotic,0,Modified_AssaultCube,708,Modified_Xonotic,853,20240418_211438
CS,1422,OW,2055,AssaultCube,0,Xonotic,0,Modified_AssaultCube,708,Modified_Xonotic,853,20240418_211458
CS,1422,OW,2055,AssaultCube,0,Xonotic,0,Modified_AssaultCube,708,Modified_Xonotic,853,20240418_211518
CS,1422,OW,2055,AssaultCube,0,Xonotic,0,Modified_AssaultCube,708,Modified_Xonotic,853,20240418_211538
CS,1422,OW,2055,AssaultCube,0,Xonotic,0,Modified_AssaultCube,716,Modified_Xonotic,853,20240418_211558
CS,1424,OW,2055,AssaultCube,0,Xonotic,0,Modified_AssaultCube,716,Modified_Xonotic,853,20240418_211618
CS,1424,OW,2059,AssaultCube,0,Xonotic,0,Modified_AssaultCube,716,Modified_Xonotic,853,20240418_211638
CS,1424,OW,2064,AssaultCube,0,Xonotic,0,Modified_AssaultCube,716,Modified_Xonotic,853,20240418_211658
CS,1424,OW,2078,AssaultCube,0,Xonotic,0,Modified_AssaultCube,716,Modified_Xonotic,853,20240418_211718
CS,1424,OW,2128,AssaultCube,0,Xonotic,0,Modified_AssaultCube,716,Modified_Xonotic,853,20240418_211738
CS,1424,OW,2130,AssaultCube,0,Xonotic,0,Modified_AssaultCube,744,Modified_Xonotic,853,20240418_211758
CS,1427,OW,2130,AssaultCube,0,Xonotic,0,Modified_AssaultCube,771,Modified_Xonotic,853,20240418_211818
CS,1464,OW,2130,AssaultCube,0,Xonotic,0,Modified_AssaultCube,771,Modified_Xonotic,853,20240418_211838
CS,1464,OW,2134,AssaultCube,0,Xonotic,0,Modified_AssaultCube,771,Modified_Xonotic,853,20240418_211858
CS,1464,OW,2135,AssaultCube,0,Xonotic,0,Modified_AssaultCube,771,Modified_Xonotic,853,20240418_211918
CS,1464,OW,2152,AssaultCube,0,Xonotic,0,Modified_AssaultCube,771,Modified_Xonotic,853,20240418_211938
CS,1465,OW,2152,AssaultCube,0,Xonotic,0,Modified_AssaultCube,771,Modified_Xonotic,854,20240418_211958
CS,1465,OW,2154,AssaultCube,0,Xonotic,0,Modified_AssaultCube,771,Modified_Xonotic,854,20240418_212018
CS,1465,OW,2155,AssaultCube,0,Xonotic,0,Modified_AssaultCube,771,Modified_Xonotic,857,20240418_212038
CS,1465,OW,2161,AssaultCube,0,Xonotic,0,Modified_AssaultCube,771,Modified_Xonotic,857,20240418_212058
CS,1466,OW,2161,AssaultCube,0,Xonotic,0,Modified_AssaultCube,771,Modified_Xonotic,857,20240418_212118
CS,1466,OW,2165,AssaultCube,0,Xonotic,0,Modified_AssaultCube,771,Modified_Xonotic,857,20240418_212138
CS,1466,OW,2166,AssaultCube,0,Xonotic,0,Modified_AssaultCube,771,Modified_Xonotic,857,20240418_212158
CS,1466,OW,2176,AssaultCube,0,Xonotic,0,Modified_AssaultCube,771,Modified_Xonotic,857,20240418_212218
CS,1466,OW,2193,AssaultCube,0,Xonotic,0,Modified_AssaultCube,771,Modified_Xonotic,857,20240418_212238
CS,1466,OW,2219,AssaultCube,0,Xonotic,0,Modified_AssaultCube,771,Modified_Xonotic,857,20240418_212258
CS,1466,OW,2219,AssaultCube,0,Xonotic,0,Modified_AssaultCube,771,Modified_Xonotic,857,20240418_212318
CS,1466,OW,2219,AssaultCube,0,Xonotic,0,Modified_AssaultCube,771,Modified_Xonotic,857,20240418_212338
CS,1466,OW,2219,AssaultCube,0,Xonotic,0,Modified_AssaultCube,771,Modified_Xonotic,857,20240418_212358
CS,1466,OW,2237,AssaultCube,0,Xonotic,0,Modified_AssaultCube,771,Modified_Xonotic,857,20240418_212418
CS,1484,OW,2237,AssaultCube,0,Xonotic,0,Modified_AssaultCube,771,Modified_Xonotic,857,20240418_212438
CS,1484,OW,2238,AssaultCube,0,Xonotic,0,Modified_AssaultCube,771,Modified_Xonotic,857,20240418_212458
CS,1490,OW,2238,AssaultCube,0,Xonotic,0,Modified_AssaultCube,771,Modified_Xonotic,857,20240418_212518
CS,1490,OW,2238,AssaultCube,0,Xonotic,0,Modified_AssaultCube,785,Modified_Xonotic,857,20240418_212538
CS,1491,OW,2238,AssaultCube,0,Xonotic,0,Modified_AssaultCube,785,Modified_Xonotic,857,20240418_212558
CS,1491,OW,2238,AssaultCube,0,Xonotic,0,Modified_AssaultCube,794,Modified_Xonotic,857,20240418_212618
CS,1491,OW,2238,AssaultCube,0,Xonotic,0,Modified_AssaultCube,794,Modified_Xonotic,857,20240418_212638
CS,1491,OW,2240,AssaultCube,0,Xonotic,0,Modified_AssaultCube,794,Modified_Xonotic,857,20240418_212658
CS,1491,OW,2240,AssaultCube,0,Xonotic,0,Modified_AssaultCube,794,Modified_Xonotic,857,20240418_212718
CS,1491,OW,2240,AssaultCube,0,Xonotic,0,Modified_AssaultCube,794,Modified_Xonotic,857,20240418_212738
CS,1495,OW,2240,AssaultCube,0,Xonotic,0,Modified_AssaultCube,794,Modified_Xonotic,857,20240418_212758
CS,1496,OW,2240,AssaultCube,0,Xonotic,0,Modified_AssaultCube,794,Modified_Xonotic,857,20240418_212818
CS,1496,OW,2240,AssaultCube,0,Xonotic,0,Modified_AssaultCube,827,Modified_Xonotic,857,20240418_212838
CS,1496,OW,2240,AssaultCube,0,Xonotic,0,Modified_AssaultCube,828,Modified_Xonotic,857,20240418_212858
CS,1496,OW,2240,AssaultCube,0,Xonotic,0,Modified_AssaultCube,828,Modified_Xonotic,857,20240418_212918
CS,1496,OW,2269,AssaultCube,0,Xonotic,0,Modified_AssaultCube,828,Modified_Xonotic,857,20240418_212938
CS,1496,OW,2275,AssaultCube,0,Xonotic,0,Modified_AssaultCube,828,Modified_Xonotic,859,20240418_212958
CS,1496,OW,2275,AssaultCube,0,Xonotic,0,Modified_AssaultCube,829,Modified_Xonotic,859,20240418_213018
CS,1496,OW,2275,AssaultCube,0,Xonotic,0,Modified_AssaultCube,845,Modified_Xonotic,859,20240418_213038
CS,1496,OW,2297,AssaultCube,0,Xonotic,0,Modified_AssaultCube,845,Modified_Xonotic,859,20240418_213058
CS,1496,OW,2315,AssaultCube,0,Xonotic,0,Modified_AssaultCube,845,Modified_Xonotic,859,20240418_213118
CS,1496,OW,2315,AssaultCube,0,Xonotic,0,Modified_AssaultCube,845,Modified_Xonotic,860,20240418_213138
CS,1497,OW,2315,AssaultCube,0,Xonotic,0,Modified_AssaultCube,845,Modified_Xonotic,873,20240418_213158
CS,1516,OW,2315,AssaultCube,0,Xonotic,0,Modified_AssaultCube,845,Modified_Xonotic,873,20240418_213218
CS,1516,OW,2315,AssaultCube,0,Xonotic,0,Modified_AssaultCube,849,Modified_Xonotic,873,20240418_213238
CS,1520,OW,2315,AssaultCube,0,Xonotic,0,Modified_AssaultCube,849,Modified_Xonotic,873,20240418_213258
CS,1520,OW,2318,AssaultCube,0,Xonotic,0,Modified_AssaultCube,849,Modified_Xonotic,873,20240418_213318
CS,1520,OW,2327,AssaultCube,0,Xonotic,0,Modified_AssaultCube,849,Modified_Xonotic,874,20240418_213338
CS,1524,OW,2327,AssaultCube,0,Xonotic,0,Modified_AssaultCube,849,Modified_Xonotic,874,20240418_213358
CS,1524,OW,2327,AssaultCube,0,Xonotic,0,Modified_AssaultCube,850,Modified_Xonotic,877,20240418_213418
CS,1524,OW,2362,AssaultCube,0,Xonotic,0,Modified_AssaultCube,850,Modified_Xonotic,877,20240418_213438
CS,1526,OW,2391,AssaultCube,0,Xonotic,0,Modified_AssaultCube,850,Modified_Xonotic,877,20240418_213458
CS,1544,OW,2391,AssaultCube,0,Xonotic,0,Modified_AssaultCube,850,Modified_Xonotic,877,20240418_213518
CS,1544,OW,2391,AssaultCube,0,Xonotic,0,Modified_AssaultCube,850,Modified_Xonotic,878,20240418_213538
CS,1557,OW,2395,AssaultCube,0,Xonotic,0,Modified_AssaultCube,850,Modified_Xonotic,884,20240418_213558
CS,1557,OW,2410,AssaultCube,0,Xonotic,0,Modified_AssaultCube,850,Modified_Xonotic,884,20240418_213618
CS,1592,OW,2410,AssaultCube,0,Xonotic,0,Modified_AssaultCube,850,Modified_Xonotic,884,20240418_213638
CS,1592,OW,2410,AssaultCube,0,Xonotic,0,Modified_AssaultCube,850,Modified_Xonotic,886,20240418_213658
CS,1605,OW,2410,AssaultCube,0,Xonotic,0,Modified_AssaultCube,850,Modified_Xonotic,889,20240418_213718
CS,1610,OW,2413,AssaultCube,0,Xonotic,0,Modified_AssaultCube,850,Modified_Xonotic,889,20240418_213738
CS,1621,OW,2413,AssaultCube,0,Xonotic,0,Modified_AssaultCube,850,Modified_Xonotic,889,20240418_213758
CS,1647,OW,2413,AssaultCube,0,Xonotic,0,Modified_AssaultCube,850,Modified_Xonotic,889,20240418_213818
CS,1647,OW,2413,AssaultCube,0,Xonotic,0,Modified_AssaultCube,854,Modified_Xonotic,889,20240418_213838
CS,1656,OW,2413,AssaultCube,0,Xonotic,0,Modified_AssaultCube,854,Modified_Xonotic,889,20240418_213858
CS,1656,OW,2415,AssaultCube,0,Xonotic,0,Modified_AssaultCube,854,Modified_Xonotic,889,20240418_213918
CS,1656,OW,2415,AssaultCube,0,Xonotic,0,Modified_AssaultCube,854,Modified_Xonotic,893,20240418_213938
CS,1656,OW,2426,AssaultCube,0,Xonotic,0,Modified_AssaultCube,854,Modified_Xonotic,893,20240418_213958
CS,1656,OW,2426,AssaultCube,0,Xonotic,0,Modified_AssaultCube,854,Modified_Xonotic,893,20240418_214018
CS,1656,OW,2426,AssaultCube,0,Xonotic,0,Modified_AssaultCube,854,Modified_Xonotic,893,20240418_214038
CS,1656,OW,2426,AssaultCube,0,Xonotic,0,Modified_AssaultCube,854,Modified_Xonotic,893,20240418_214058
CS,1656,OW,2426,AssaultCube,0,Xonotic,0,Modified_AssaultCube,854,Modified_Xonotic,893,20240418_214118
CS,1656,OW,2426,AssaultCube,0,Xonotic,0,Modified_AssaultCube,854,Modified_Xonotic,893,20240418_214138
CS,1656,OW,2443,AssaultCube,0,Xonotic,0,Modified_AssaultCube,854,Modified_Xonotic,893,20240418_214158
CS,1656,OW,2444,AssaultCube,0,Xonotic,0,Modified_AssaultCube,854,Modified_Xonotic,893,20240418_214218
CS,1659,OW,2450,AssaultCube,0,Xonotic,0,Modified_AssaultCube,854,Modified_Xonotic,893,20240418_214238
CS,1659,OW,2450,AssaultCube,0,Xonotic,0,Modified_AssaultCube,854,Modified_Xonotic,893,20240418_214258
CS,1659,OW,2450,AssaultCube,0,Xonotic,0,Modified_AssaultCube,854,Modified_Xonotic,893,20240418_214318
CS,1659,OW,2459,AssaultCube,0,Xonotic,0,Modified_AssaultCube,862,Modified_Xonotic,893,20240418_214338
CS,1659,OW,2459,AssaultCube,0,Xonotic,0,Modified_AssaultCube,881,Modified_Xonotic,893,20240418_214358
CS,1659,OW,2459,AssaultCube,0,Xonotic,0,Modified_AssaultCube,881,Modified_Xonotic,893,20240418_214418
CS,1659,OW,2459,AssaultCube,0,Xonotic,0,Modified_AssaultCube,882,Modified_Xonotic,893,20240418_214438
